"","Temp","Temp.Var","Precip","Precip.Var"
"Abrotanella.inconspicua",37.7083333333333,4184.20833333333,1845.58333333333,10.125
"Acaena.antarctica",51.5294117647059,3449.88235294118,978.411764705882,33.1764705882353
"Acaena.diminuta",61.1491442542787,6212.54034229829,1105.38141809291,29.6528117359413
"Acaena.leptacantha",60.4615384615385,4243.92307692308,846.230769230769,65.3846153846154
"Acaena.macrocephala",72,4183.5,1134.83333333333,75.3333333333333
"Acaena.magellanica",45.515306122449,2451.73979591837,957.65306122449,20.9336734693878
"Acaena.pinnatifida",120.793522267206,3159.88663967611,703.793522267207,80.3279352226721
"Acaena.splendens",77.3888888888889,4266.77777777778,704.638888888889,63
"Achillea.atrata",29.9015544041451,6185.33678756477,1250.93264248705,28.0362694300518
"Achillea.millefolium",119.938034188034,5838.76068376068,816.047008547009,43.9700854700855
"Aciphylla.monroi",52.811320754717,3918.35849056604,2457.25943396226,14.3490566037736
"Aciphyllum.congestum",61.1491442542787,6212.54034229829,1105.38141809291,29.6528117359413
"Aconitum.delphinifolium",61.1491442542787,6212.54034229829,1105.38141809291,29.6528117359413
"Adesmia.echinus",39.2307692307692,3239.30769230769,171.615384615385,47.8461538461538
"Adesmia.lotoides",61.9545454545455,4098.5,325.954545454545,32.8181818181818
"Adesmia.parviflora",126.444444444444,2688,222.333333333333,80.3333333333333
"Adesmia.pumila",50.3333333333333,3845.55555555556,404.777777777778,20.6666666666667
"Adesmia.salicornioides",44.0909090909091,3632.54545454545,399.727272727273,20.9090909090909
"Adesmia.subterranea",57.6666666666667,3501.83333333333,316,65.1666666666667
"Agoseris.aurantiaca",22.9195402298851,6899.9816091954,934.052873563218,44.5701149425287
"Agoseris.glauca",29.9394673123487,8253.22518159806,579.63196125908,42.6949152542373
"Agoseris.villosa",29.9394673123487,8253.22518159806,579.63196125908,42.6949152542373
"Agropyron.scribneri",-4.48484848484848,7038.25757575758,749.992424242424,32.4848484848485
"Agropyron.spicatum",55.8990610328638,8164.92723004695,491.542253521127,42.5422535211268
"Agrostis.alpina",28.4124293785311,6063.81920903955,1262.96610169492,24.2090395480226
"Agrostis.borealis",-2.06854838709677,7262.74193548387,888.443548387097,27.8689516129032
"Agrostis.castellana",141.131147540984,5480.52459016393,717.439890710383,48.6584699453552
"Agrostis.foliata",59.5730337078652,420.022471910112,1366.52247191011,29.6685393258427
"Agrostis.muelleriana",50.1083333333333,4276.0875,1961.65416666667,19.075
"Agrostis.nevadensis",71.4214876033058,6598.33884297521,912.066115702479,39.4214876033058
"Agrostis.rupestris",25.6046511627907,5877.48255813954,1187.45348837209,27.2267441860465
"Agrostis.scabra",46.0725,7732.15,825.3725,50.3875
"Agrostis.serranoi",75.1,3881.45,1173,40.55
"Agrostis.truncatula",104.03606557377,5934.45573770492,748.901639344262,37.6295081967213
"Alchemilla.alpina",13.7846481876333,6291.04051172708,1223.79957356077,27.6055437100213
"Alchemilla.decumbens",35.8503937007874,6114.61417322835,1220.09448818898,26.9448818897638
"Alopecurus.textilis",43.1785714285714,7993.64285714286,542.142857142857,53.7857142857143
"Alyssum.nevadense",96,6452.15384615385,730.076923076923,41.2307692307692
"Anaphalis.contorta",98.4102564102564,5254.54871794872,1309.35384615385,86.2153846153846
"Anarthrophyllum.gayanum",81,4387,193,20
"Androsace.chamaejasme",-30.7965517241379,9564.94827586207,657.824137931034,46.5275862068966
"Androsace.sermentosa",57.9393939393939,6170.75757575758,960.636363636364,79.7575757575758
"Androsace.tapete",27.1063829787234,6815.31914893617,530.021276595745,101.553191489362
"Anemone.drummondii",10.8769633507853,7236.07329842932,1027.94240837696,58.7094240837696
"Anemone.multifida",10.2488479262673,8747.58064516129,674.251152073733,36.9746543778802
"Anemone.occidentalis",24.8038147138965,5980.53950953678,1444.48773841962,55.9618528610354
"Anemone.parviflora",-48.3695150115473,10916.1732101617,536.56351039261,46.6281755196305
"Anisotome.aromatica",64.0399159663866,4027.85084033613,2471.20798319328,14.0021008403361
"Anisotome.capillifolia",43.6666666666667,3857.66666666667,2268.38888888889,9.88888888888889
"Anisotome.flexuosa",55.0213675213675,4177.55341880342,2524.72222222222,12.4188034188034
"Anisotome.haastii",64.431289640592,3909.58139534884,3006.97040169133,13.0993657505285
"Anisotome.imbricata",50.9919137466307,3968.96765498652,2783.17520215633,13.7304582210243
"Antennaria.alpina",-10.5373443983402,6901.4377593361,919.365145228216,25.5228215767635
"Antennaria.carpatica",34.7901234567901,5739.06172839506,1379.76543209877,27.1728395061728
"Antennaria.dimorpha",73.6049382716049,6767.76790123457,556.491358024691,56.116049382716
"Antennaria.lanata",-20.481308411215,7361.02102803738,835.700934579439,29.0257009345794
"Anthyllis.vulneraria",83.7794486215539,6198.98496240602,775.461152882206,24.9874686716792
"Aquilegia.caerulea",14.2039215686275,7734.61960784314,631.137254901961,22.8941176470588
"Arabis.alpina",3.97835497835498,6506.95238095238,1055.84848484848,24.7402597402597
"Arabis.bellidifolia",61.1491442542787,6212.54034229829,1105.38141809291,29.6528117359413
"Arabis.glabra",73.2412177985948,6900.70491803279,663.407494145199,27.5878220140515
"Arabis.hirsuta",69.8418491484185,6693.7104622871,652.851581508516,24.8029197080292
"Arabis.holboellii",39.6678966789668,8446.75276752768,545.940959409594,40.4981549815498
"Arabis.lemonii",7.83246073298429,6004.91361256544,764.903141361257,52.5052356020942
"Arabis.lyallii",12.3560975609756,6349.91219512195,915.536585365854,48.5658536585366
"Arabis.nuttalii",33.4745762711864,8071.58474576271,599.872881355932,28.2881355932203
"Arctostaphylos.uvaursi",50.6666666666667,7480.89671361502,808.448356807512,32.3896713615023
"Arenaria.aculeata",71.9404761904762,6409.47619047619,809.416666666667,60.6071428571429
"Arenaria.capillaris",0.807339449541284,8355.24464831804,892.067278287462,47.1406727828746
"Arenaria.ciliata",39.2130681818182,5485.86931818182,1234.40340909091,23.5909090909091
"Arenaria.congesta",51.9046391752577,6709.48969072165,755.564432989691,49.9201030927835
"Arenaria.insignis",65,9040.25,315.25,80.25
"Arenaria.obtusifolia",117.589123867069,5835.73111782477,595.803625377643,27.6616314199396
"Arenaria.rossii",-89.0301724137931,10297.7327586207,283.853448275862,44.75
"Arenaria.serpens",68.8888888888889,2868.34920634921,890.968253968254,65.2857142857143
"Arenaria.tetraquetra",82.6785714285714,6301.96103896104,850.801948051948,31.5519480519481
"Arisaema.jaqmontii",61.1491442542787,6212.54034229829,1105.38141809291,29.6528117359413
"Arjona.patagonica",51.7777777777778,4316.94444444444,450.388888888889,41.4444444444444
"Armeria.caespitosa",79.7570093457944,6130.75700934579,652.719626168224,28.6448598130841
"Armeria.maritima",90.7284345047923,5395.32587859425,740.428115015974,35.14696485623
"Arnica.alpina",61.1491442542787,6212.54034229829,1105.38141809291,29.6528117359413
"Arnica.diversifolia",16.4200913242009,6743.57534246575,894.369863013699,49.013698630137
"Artemisia.eriantha",25.3947368421053,5675.11578947368,1278.07368421053,18.4684210526316
"Artemisia.frigida",30.4013157894737,9975.29605263158,408.745614035088,52.4451754385965
"Artemisia.gmelinii",105.697674418605,7551.68992248062,813.573643410853,69.6201550387597
"Artemisia.ludoviciana",61.1491442542787,6212.54034229829,1105.38141809291,29.6528117359413
"Artemisia.michauxiana",19.0113636363636,7011.20833333333,663.791666666667,38.7348484848485
"Artemisia.scopulorum",-14.6701030927835,7381.62886597938,759.927835051546,19.7731958762887
"Asperula.aristata",141.81917211329,5598.55337690632,520.893246187364,36.6928104575163
"Asperula.glomerata",85.6190476190476,8623.28571428571,422.357142857143,56.1666666666667
"Aster.alpigenus",43.839378238342,5962.19689119171,1010.93264248705,65.1968911917098
"Aster.alpinus",35.5972222222222,6643.88194444444,1035.36111111111,33.7291666666667
"Aster.himailacus",36.08,5546.56,612,100.62
"Astragalus.alpinus",1.6832298136646,7392.56314699793,802.797101449275,28.3498964803313
"Astragalus.bourgovii",3.32692307692308,7679.65384615385,668.192307692308,24.7115384615385
"Astragalus.capito",115.833333333333,9253.66666666667,151.333333333333,80.5
"Astragalus.frigidus",-6.19551934826884,7331.53971486762,710.904276985743,29.7148676171079
"Astragalus.kentrophyta",33.7732426303855,7307.63718820862,466.730158730159,36.0589569160998
"Astragalus.nivicola",54.4,3852.2,533.6,26.3
"Astragalus.polycladus",34.6231884057971,6882.10144927536,598.260869565217,94.3188405797101
"Astragalus.purshii",85.9247058823529,7035.33176470588,440.301176470588,54.2823529411765
"Astragalus.suleatus",98.05,7795.4,594.2,33.25
"Astragalus.tanguticus",26.8965517241379,6919.72413793103,410.781609195402,101
"Avena.fatua",128.380743982495,5361.42888402626,698.424507658643,36.3916849015317
"Azorella.coespitosa",61.1491442542787,6212.54034229829,1105.38141809291,29.6528117359413
"Azorella.fuegiana",56.8666666666667,3812.13333333333,422.8,26.2666666666667
"Azorella.licopodioidis",46.8823529411765,3518,656.764705882353,30
"Azorella.madreporica.1",61.1491442542787,6212.54034229829,1105.38141809291,29.6528117359413
"Azorella.madreporica",71.8823529411765,4380.47058823529,483.117647058824,56.4705882352941
"Azorella.monantha",66.2,4217.525,508.775,43.725
"Azorella.pedunculata",69.7777777777778,406.895424836601,1156.99346405229,30.0849673202614
"Azorella.trifurcata",77.6551724137931,4196.77586206897,543.706896551724,40.9137931034483
"Baccharis.caespitosa",61.3526315789474,920.421052631579,1014.47894736842,51.8842105263158
"Barbarea.orthoceras",95.1994949494949,6003.19949494949,810.666666666667,68.6464646464647
"Barneoudia.major",60.6666666666667,4392,459,49
"Bartsia.alpina",6.86475409836066,6793.38319672131,935.985655737705,27.469262295082
"Bartsia.stricta",68.8556701030928,419.463917525773,1409.29896907216,29.2268041237113
"Berberis.buxifolia",76.2596153846154,4097.17307692308,1007.84615384615,42.2788461538462
"Berberis.empetrifolia",64.8307692307692,4068.66153846154,871.507692307692,57.1692307692308
"Besseya.alpina",-21.4655172413793,7435.06896551724,809.051724137931,20.3793103448276
"Besseya.wyomingensis",31.8369565217391,8334.78260869565,512.695652173913,37.0869565217391
"Biscutella.glacialis",90.6164383561644,6498.79452054795,806.191780821918,41.013698630137
"Bistorta.vivipara",27.6860215053763,7227.34193548387,810.195698924731,28.5849462365591
"Brachyglottis.bellidioides",68.5626283367557,3904.82340862423,2492.20739219713,13.1827515400411
"Brachyscome.sinclairii",62.626423690205,4130.9840546697,2276.12300683371,13.1890660592255
"Bromus.carinatus",113.570024570025,5094.12039312039,793.255528255528,65.9336609336609
"Bromus.catharticus",161.212389380531,4974.06637168142,1004.25884955752,29.216814159292
"Bromus.commutatus",96.2301136363636,5572.39772727273,745.303977272727,16.7017045454545
"Bromus.lanatus",67.203125,759.996875,1051.1,46.65
"Bromus.setifolius",67.6868686868687,4234.15151515152,445.616161616162,44.0909090909091
"Bromus.tectorum",97.0605326876513,6738.75786924939,635.520581113801,32.1743341404358
"Bromus.tomentosus",191,9071,59,89
"Bupleurum.americanum",-58.3444444444444,12619.9777777778,323.788888888889,57.9888888888889
"Calamagrostis.curvula",72.0886075949367,3298.07594936709,296.898734177215,114.303797468354
"Calamagrostis.lapponica",-15.9108280254777,8987.58174097665,566.305732484076,34.5222929936306
"Calamagrostis.pseudophragmites",71.7446153846154,7531.84923076923,808.56,47.72
"Calandrinia.affinis",57.6521739130435,4077.52173913043,543.173913043478,84.4782608695652
"Calandrinia.caespitosa",38.2222222222222,4177.74074074074,440.666666666667,55.3703703703704
"Calandrinia.gayana",75.4468085106383,4155.59574468085,1117.76595744681,69.4042553191489
"Calceolaria.uniflora",55.265306122449,3922.59183673469,448.612244897959,24.1836734693878
"Campanula.alpina",29.0535714285714,6364.94642857143,1255.96428571429,27.4464285714286
"Campanula.cochleariifolia",42.4921135646688,6198.33438485804,1196.64353312303,25.0347003154574
"Campanula.rotundifolia",67.4418604651163,7142.82558139535,797.313953488372,25.7627906976744
"Campanula.ruprechtii",61.1491442542787,6212.54034229829,1105.38141809291,29.6528117359413
"Campanula.scheuchzeri",31.2429022082019,5851.95268138801,1259.32492113565,21.7602523659306
"Campanula.tatrae",46.3571428571429,7359.5,1032.78571428571,36.2857142857143
"Capsella.bursa",125.61733615222,6508.59619450317,759.255813953488,33.7272727272727
"Cardamine.bellidifolia",-17.7367346938776,6796.03673469388,967.889795918367,24.5632653061224
"Cardamine.bilobata",66.0851063829787,3953.98936170213,2416.51063829787,13.8829787234043
"Carex.aphylla",82.8095238095238,4129.28571428571,956.428571428571,72.0952380952381
"Carex.atrata",4.77800829875519,6534.40663900415,1041.99170124481,26.1078838174274
"Carex.bigelowii",2.47368421052632,6260.05949656751,1403.36384439359,26.1601830663616
"Carex.caduca",33.2,3276.9,664.4,16.8
"Carex.capillaris",13.8446808510638,7131.95106382979,851.046808510638,28.1446808510638
"Carex.curvula",19.719557195572,5633.70479704797,1362.87084870849,15.549815498155
"Carex.ericetorum",58.5071770334928,7125.05502392345,609.811004784689,26.2655502392345
"Carex.firma",43.6724137931034,6457.12068965517,1205.21551724138,30.2758620689655
"Carex.fuliginosa",-47.1511627906977,8814.65581395349,574.041860465116,37.1767441860465
"Carex.geyeri",45.4,7201.15918367347,734.240816326531,41.9469387755102
"Carex.lachenalii",-5.81212121212121,6557.66464646465,1049.38383838384,24.3232323232323
"Carex.nardina",-47.7415458937198,8646.52173913043,657.398550724638,34.1256038647343
"Carex.parryana",19.6666666666667,10470.7564102564,443.205128205128,42.9871794871795
"Carex.parviflora",21.1438848920863,5782.11510791367,1355.1618705036,19.2158273381295
"Carex.phaeocephala",2.784,6747.63733333333,830.968,41.9146666666667
"Carex.podocarpa",-66.6188811188811,11848.4440559441,399.013986013986,55.7832167832168
"Carex.rupestris",-4.29460580912863,6804.78423236514,921.522821576763,25.3547717842324
"Carex.sempervirens",37.0098039215686,5993.62418300654,1210.04575163399,22.1928104575163
"Carex.sp10",61.1491442542787,6212.54034229829,1105.38141809291,29.6528117359413
"Carex.sp11",61.1491442542787,6212.54034229829,1105.38141809291,29.6528117359413
"Carex.sp13",61.1491442542787,6212.54034229829,1105.38141809291,29.6528117359413
"Carex.sp14",61.1491442542787,6212.54034229829,1105.38141809291,29.6528117359413
"Carex.sp15",61.1491442542787,6212.54034229829,1105.38141809291,29.6528117359413
"Carex.stenophylloides",29.3817567567568,9326.34121621622,358.35472972973,55.8614864864865
"Carex.tristicha",225,610.5,2314.5,50
"Cassiope.hypnoides",-10.2183673469388,6754.85918367347,987.20612244898,24.5775510204082
"Castilleja.miniata",51.4783653846154,6598.60576923077,930.745192307692,60.0504807692308
"Castilleja.nubigena",56.448275862069,598.706896551724,1169.1724137931,42.0172413793103
"Castilleja.pallescens",45.5679012345679,7949.64197530864,412.098765432099,29.6543209876543
"Celmisia.bondplanii",44.4444444444444,3848.22222222222,2341.83333333333,10.6666666666667
"Celmisia.glandulosa",64.9180887372014,3927.62116040956,2895.63139931741,14.1023890784983
"Celmisia.laricifolia",53.0523560209424,3797.97382198953,2500.83246073298,12.8743455497382
"Celmisia.lyallii",51.102615694165,4226.12273641851,2652.46680080483,12.4527162977867
"Celmisia.sessiliflora",50.3481152993348,3962.11308203991,2871.9822616408,12.8647450110865
"Celmisia.spectabilis",73.409381663113,3766.61833688699,2226.58848614072,15.8976545842217
"Celmisia.viscosa",48.0171673819742,3926.41630901288,2240.88841201717,12.8412017167382
"Centaurea.maculosa",61.1491442542787,6212.54034229829,1105.38141809291,29.6528117359413
"Cerastium.alpinum",0.469473684210526,6788.88631578947,964.404210526316,26.3621052631579
"Cerastium.arvense",86.9972527472527,6305.07692307692,723.744505494505,24.2197802197802
"Cerastium.beeringianum",-41.825641025641,9694.81025641026,626.066666666667,46.0307692307692
"Cerastium.floccosum",59.038961038961,391.493506493507,1248.42857142857,29.5584415584416
"Cerastium.imbricatum",47.4736842105263,417.289473684211,1278.31578947368,32.7894736842105
"Cerastium.lanatum",102,5501,820,11
"Cerastium.latifolium",26.0378378378378,5800.25405405405,1315.61621621622,17.2162162162162
"Cerastium.nutans",119.120853080569,4111.42654028436,992.585308056872,72.5308056872038
"Cerastium.trianae",126.666666666667,489.666666666667,1981.66666666667,37.6666666666667
"Cerastrium.vulgare",89.5474860335195,6089.12849162011,739.893854748603,18.1759776536313
"Chaenorhinum.glareosum",48.6140350877193,6749.59649122807,1061.9649122807,36.8421052631579
"Chaetanthera.apiculata",101,4628,987,81
"Chaetanthera.euphrasioides",71.5,4146,800,83.25
"Chaetanthera.lycopodioides",101,4628,987,81
"Chaetanthera.pentacaenoides",36.8333333333333,3750.5,176.833333333333,37.8333333333333
"Chaetanthera.planiseta",30,4096.5,472.5,88.5
"Chaetanthera.pusilla",43.75,4345,451.75,68.75
"Chamorchis.alpina",-2.06911447084233,6775.18358531318,919.609071274298,25.0928725701944
"Chionohebe.ciliata",51.6470588235294,3856.10084033613,2790.90756302521,14.2268907563025
"Chionohebe.thomsonii",37.5478260869565,3985.97391304348,2054.8347826087,9.53913043478261
"Chrysopsis.villosa",74.997572815534,8153.19902912621,507.546116504854,50.2354368932039
"Chrysosplenium.tetrandum",-49.4117647058824,10694.9264705882,421.772058823529,49.703431372549
"Chuquiraga.avellanae",119.948275862069,4863.29310344828,246.5,35.9655172413793
"Chuquiraga.jussieui",80.0433070866142,467.507874015748,1062.39763779528,37.7007874015748
"Cirsium.etonii",61.1491442542787,6212.54034229829,1105.38141809291,29.6528117359413
"Cirsium.scariosum",73.4530120481928,6301.68674698795,641.522891566265,60.9686746987952
"Cirsium.spinosissimum",144.19621749409,5654.35933806147,1294.0780141844,30.5697399527187
"Cirsium.tweedyi",11.8648648648649,7555.8018018018,612.27027027027,23.8108108108108
"Claytonia.megarhiza",-4.05555555555556,6899.78395061728,912.969135802469,37.0061728395062
"Colobanthus.aciculatus",61.1491442542787,6212.54034229829,1105.38141809291,29.6528117359413
"Colobanthus.buchannii",42.5263157894737,3832.39473684211,2070.48245614035,10.6315789473684
"Colobanthus.lycopodioides",50,4103.46153846154,518.384615384615,35.3076923076923
"Colobanthus.subulatus",44.4883720930233,3946.16279069767,1349.98837209302,24.8488372093023
"Comastoma.pulmonarium",44.5,6808.9,676.15,89.3166666666667
"Comastoma.tenellum",-8.44769874476988,7033.89539748954,775.594142259414,28.2866108786611
"Cortia.depressa",36.3589743589744,5581,706.128205128205,104.538461538462
"Corydalis.pauciflora",-63.78125,11799.45625,379.125,58.28125
"Crepis.heterotricha",45,9112,217,80
"Crepis.jacquinii",36.1928251121076,6282.13901345291,1183.42152466368,30.7085201793722
"Crepis.terglouensis",22.4311926605505,6011.36697247706,1277.7247706422,27.9724770642202
"Cryptantha.celosioides",70.9201680672269,8889.04201680672,383.743697478992,48.5084033613445
"Cryptantha.nubigena",11.3574144486692,5590.11406844106,673.254752851711,59.0152091254753
"Cuscuta.chilensis",106.545454545455,3329.63636363636,786.636363636364,84.9090909090909
"Cyananthus.himalaicus",12,5233.5,489.5,104
"Cyananthus.microphyllus",51.4545454545455,4986.81818181818,1034.27272727273,97.9090909090909
"Cymopterus.glaucus",33.6875,8101.0625,514.875,34.25
"Cyperus.reflexus",178.663636363636,3118.44545454545,1241.41363636364,45.8909090909091
"Cytisus.galianoi",84.2564102564103,6351.4358974359,770.615384615385,35.2264957264957
"Dactylis.glomerata",90.6586956521739,6994.14565217391,831.228260869565,23.8108695652174
"Danthonia.intermedia",18.906976744186,7079.5488372093,842.281395348837,45.9418604651163
"Dasiphora.fruticosa",49.7828054298643,7943.78959276018,621.06334841629,30.8891402714932
"Delphinium.oxysepalum",19,6485.66666666667,1352.33333333333,34.3333333333333
"Deschampsia.caespitosa",80.5545171339564,6164.35202492212,755.532710280374,20.1183800623053
"Deschampsia.flexuosa",70.573566084788,6507.34164588529,811.443890274314,23.4588528678304
"Deyeuxia.scabrescens",93.702479338843,5780.93388429752,907.694214876033,88.6280991735537
"Dianthus.brachyanthus",108.099322799097,6124.44243792325,621.288939051919,34.6568848758465
"Discaria.nana",44,4325,586.714285714286,64
"Dodecatheon.pulchellum",86.5626326963907,8873.10191082803,869.83864118896,30.7898089171975
"Doronicum.clusii",20.2452830188679,5783.93081761006,1301,22.2704402515723
"Douglasia.montana",34.4,7770.2,541.8,25.6
"Draba.aizoides",50.1651376146789,5796.77064220183,1134.95412844037,18.3119266055046
"Draba.altaica",-26.7259259259259,8496.66666666667,281.548148148148,66.2888888888889
"Draba.aretioides",60.0476190476191,355.714285714286,1284.42857142857,31.3809523809524
"Draba.aurea",-9.78484107579462,8647.31051344743,621.953545232274,30.7041564792176
"Draba.cana",-26.7216748768473,10031.0123152709,533.847290640394,40.3177339901478
"Draba.funiculosa",57,3679.27272727273,472.909090909091,19.1818181818182
"Draba.gilliesii",61.3947368421053,4164.31578947368,752.526315789474,59.1315789473684
"Draba.hispanica",104.300283286119,6247.31728045326,680,37.328611898017
"Draba.longipes",-68.1461038961039,11500.1201298701,431.373376623377,48.9967532467532
"Draba.magellanica",46.6785714285714,4409.28571428571,535.464285714286,27.4642857142857
"Draba.oligosperma",-1.9647355163728,6948.07808564232,603.196473551637,39.2342569269521
"Draba.oreades",-6.26767676767677,8276.93434343434,408.373737373737,71.8232323232323
"Draba.paysonii",-11.3827160493827,7688.44444444444,676.185185185185,27.3333333333333
"Draba.praealta",0.84393063583815,7596.78034682081,635.236994219653,40.2774566473988
"Draba.pulchella",52.5,9367.66666666667,282.333333333333,78.3333333333333
"Draba.tomentosa",30.4635193133047,5881.72532188841,1281.81545064378,21.6738197424893
"Dracophyllum.muscoides",49.9577464788732,4061.40845070423,1729.61971830986,10.056338028169
"Dracophyllum.pronum",56.3776824034335,4009.38197424893,2473.67381974249,13.4678111587983
"Dracophyllum.uniflorum",66.7484143763213,3982.99154334038,2613.93868921776,13.9894291754757
"Dryas.octopetala",7.28,6525.71777777778,989.888888888889,25.7666666666667
"Dubyaea.hispida",52.6181818181818,5199.72727272727,863.309090909091,95.0727272727273
"Elsholtzia.eriostachya",-0.471544715447154,7628.72357723577,323.373983739837,60.219512195122
"Elymus.longaristatus",61.1491442542787,6212.54034229829,1105.38141809291,29.6528117359413
"Elymus.nutans",35.2822085889571,7941.05521472393,479.748466257669,84.1349693251534
"Elymus.rectisetus",145.056379821958,4971.46884272997,725.608308605341,20.7566765578635
"Elyna.myosuroides",-7.75560538116592,6817.11434977578,913.890134529148,27.5829596412556
"Empetrum.rubrum",57.5652173913044,3521.94202898551,1091.34782608696,27.6231884057971
"Ephedra.americana",118.923976608187,1886.26900584795,603.12865497076,81.4619883040936
"Epilobium.angustifolium",67.7831050228311,6771.82876712329,878.853881278539,26.5890410958904
"Epilobium.cylindricum",105.371428571429,6005.27142857143,976.171428571429,84.5285714285714
"Epilobium.nivale",60.25,4091.91666666667,746.666666666667,62
"Epilobium.pycnostachyium",61.5238095238095,3838.92063492063,2100.2380952381,14.2222222222222
"Eragrostis.pectinacea",127.886699507389,6043.49014778325,760.036945812808,41.5221674876847
"Erigeron.alpinus",61.1491442542787,6212.54034229829,1105.38141809291,29.6528117359413
"Erigeron.andicola",73.1153846153846,4373.26923076923,541.576923076923,52.7307692307692
"Erigeron.aureus",3.79032258064516,6922.87096774194,1155.61290322581,40.5483870967742
"Erigeron.canus",82.7792207792208,8805.44155844156,411.519480519481,60.4415584415584
"Erigeron.compositus",0.252847380410023,7904.58086560364,659.876993166287,43.1457858769932
"Erigeron.ecuadoriensis",61.3815789473684,360.539473684211,1359.01315789474,37.5263157894737
"Erigeron.eriocalyx",-34.5,11495.5,228,73
"Erigeron.frigidus",89.0063897763578,7801.43450479233,1137.95207667732,31.6581469648562
"Erigeron.glabratus",41.2222222222222,6183.11111111111,1173.11111111111,28.1111111111111
"Erigeron.lanatus",-21.275,7622,737.6,25.175
"Erigeron.simplex",-10.9148936170213,7504.75886524823,723.86524822695,25.2695035460993
"Erigeron.tomentosa",61.1491442542787,6212.54034229829,1105.38141809291,29.6528117359413
"Erigeron.uniflorus",-7.27763496143959,6747.2853470437,929.645244215938,23.9254498714653
"Eriogonum.flavum",35.0846394984326,9072.67084639498,504.833855799373,47.9467084639498
"Eriogonum.ovalifolium",57.2869757174393,7102.23178807947,498.527593818985,43.4834437086093
"Eriogonum.subalpinum",64.3235294117647,6520.15837104072,714.380090497738,58.3325791855204
"Eriophyllum.lanatum",104.455607476636,5912.13551401869,1056.47196261682,74.3528037383178
"Eritrichium.nanum",-43.7970149253731,9729.09552238806,667.716417910448,44.0059701492537
"Erophila.verna",91.054054054054,5942.77297297297,725.313513513513,19.3567567567568
"Eryngium.glaciale",52.6625,6693.75,1043.0875,37.575
"Euphorbia.collina",61.1491442542787,6212.54034229829,1105.38141809291,29.6528117359413
"Euphorbia.esula",81.1451104100946,6871.30914826498,666.022082018927,23.9652996845426
"Euphorbia.nevadensis",109.818181818182,5876.40067340067,682.026936026936,26.986531986532
"Euphorbia.stracheyi",39.1487603305785,5952.52892561983,681.768595041322,97.3471074380165
"Euphrasia.frigida",17.4640883977901,5583.9364640884,1181.32320441989,25.0110497237569
"Euphrasia.minima",56.5428571428571,5795.48571428571,1080.4612244898,24.5551020408163
"Euphrasia.salisburgensis",19.8430913348946,6341.43091334895,962.936768149883,24.4145199063232
"Euphrasia.tatrae",20.1875,6541.75,1302.5,32.5625
"Euphrasia.willkommii",55.6666666666667,6559.83333333333,968.666666666667,35.8333333333333
"Euphrasia.zealandica",63.7735042735043,3943.9764957265,2463.50641025641,13.8333333333333
"Festuca.alaica",19.4098360655738,8952.14754098361,377.934426229508,53.672131147541
"Festuca.arizonica",68.2406015037594,6266.67669172932,516.315789473684,48.1654135338346
"Festuca.brachyphylla",-43.4842931937173,9316.87696335079,659.450261780105,45.217277486911
"Festuca.clementei",54.5555555555556,6636.12698412698,1029.7619047619,37.1111111111111
"Festuca.curvifolia",98.7146017699115,6308.21460176991,677.066371681416,34.0464601769912
"Festuca.iberica",76.0714285714286,6466.28571428571,844.928571428571,38
"Festuca.idahoensis",74.6997518610422,6277.40198511166,856.751861042184,57.3250620347395
"Festuca.indigesta",84.2379746835443,6014.33417721519,854.837974683544,31.9012658227848
"Festuca.magellanica",56.9816513761468,3842.97247706422,507.51376146789,30.7339449541284
"Festuca.ovina",67.5840909090909,6737.74545454545,692.863636363636,25.2318181818182
"Festuca.quadriflora",23.5602836879433,6067.79432624113,1239.56737588652,27.4255319148936
"Festuca.versicolor",61.1491442542787,6212.54034229829,1105.38141809291,29.6528117359413
"Festuca.violacea",28.0989583333333,5835.89583333333,1313.40104166667,17.015625
"Filago.arvensis",92.8165938864629,7264.63755458515,817.085152838428,19.8100436681223
"Floscaldasia.hypsophila",25.5454545454545,396.545454545455,2055.54545454545,47.7272727272727
"Fritillaria.pudica",69.2472826086957,7520.36413043478,487.755434782609,41.6603260869565
"Gaillardia.aristata",58.6528735632184,8906.19540229885,501.174712643678,46.8183908045977
"Galium.anisophyllon",36.8090909090909,6357.64545454545,1233.74545454545,28.0272727272727
"Galium.boreale",58.7426160337553,7531.89240506329,682.888185654008,29.2742616033755
"Galium.decumbens",121.5,9223,127,82.5
"Galium.gilliesii",67.1111111111111,4545.11111111111,599.888888888889,69.2222222222222
"Galium.megalospermum",31.7055214723926,5934.15950920245,1255.99386503067,21.601226993865
"Galium.pyrenaicum",50.4700854700855,5517.82478632479,1145.82051282051,18.6367521367521
"Gamocarpa.selliana",58.3846153846154,4282.84615384615,447.615384615385,39.2307692307692
"Gaultheria.depressa",66.4532224532225,3876.75051975052,2306.59667359667,14.3617463617464
"Gaultheria.nubicola",47.1724137931034,3918.95402298851,2323.36781609195,10.8620689655172
"Gaultheria.pumila",63.6818181818182,3594.27272727273,908.727272727273,39.0340909090909
"Gayophytum.humile",63.5606060606061,6105.20707070707,933.075757575758,64.4949494949495
"Gayophytum.micranthum",50.9523809523809,3948.28571428571,479.761904761905,69.2380952380952
"Gentiana.algida",-19.0440677966102,8541.69152542373,628.969491525424,49.4779661016949
"Gentiana.brachyphylla",14.2058823529412,5761.08823529412,1394.30882352941,19.5808823529412
"Gentiana.corymbifera",65.8864734299517,4030.40579710145,2121.19323671498,13.56038647343
"Gentiana.depressa",22.6666666666667,4936,980.777777777778,106.666666666667
"Gentiana.divisa",53.2760736196319,4072.65030674847,2885.57668711656,12.558282208589
"Gentiana.nivalis",-2.73109243697479,6876.08823529412,906.06512605042,25.9768907563025
"Gentiana.ornata",59.5,4869.5,1200.58333333333,108.166666666667
"Gentiana.prostrata",46.0775623268698,3447.60387811634,1095.64819944598,50.4238227146814
"Gentiana.sedifolia",46.0775623268698,3447.60387811634,1095.64819944598,50.4238227146814
"Gentiana.tenella",-8.44769874476988,7033.89539748954,775.594142259414,28.2866108786611
"Gentianella.falcata",-8.60294117647059,8544.70588235294,362.455882352941,74.2794117647059
"Gentianella.lutescens",60.8260869565217,6765.95652173913,855.695652173913,33.6086956521739
"Gentianella.rupicola",58.5675675675676,473.243243243243,1167.86486486486,23.8378378378378
"Geranium.donianum",66.1020408163265,5492.97959183673,770.816326530612,96.9591836734694
"Geranium.ecuadoriensis",44.84,313.56,792.04,47.2
"Geranium.multipartitum",75.4069767441861,427.441860465116,1160.71511627907,33.1511627906977
"Geranium.sessiliflorum",72.9483146067416,2938.4808988764,1337.49887640449,50.9775280898876
"Gerbera.nivea",74.3809523809524,5708.28571428571,748.47619047619,96.2857142857143
"Geum.rossii",-31.1761658031088,8848.58808290156,631.645077720207,35.3238341968912
"Geum.triflorum",52.4721603563474,8687.53006681514,675.086859688196,38.9821826280624
"Geum.uniflorum",58.919028340081,3761.28744939271,2694.03643724696,14.8380566801619
"Gnaphalium.decurrens",61.1491442542787,6212.54034229829,1105.38141809291,29.6528117359413
"Gnaphalium.hoppeanum",32.1330275229358,5939.38532110092,1276.99541284404,20.8577981651376
"Gnaphalium.supinum",-0.330612244897959,6484.61020408163,1127.45714285714,26.0612244897959
"Gregoria.vitaliana",41.2128514056225,5605.30522088353,1231.83534136546,14.433734939759
"Haastia.sinclarii",45.2,3899.296,2526.416,12.952
"Halenia.weddeliana",83.8564593301435,391.612440191388,1205,32.9856459330144
"Haplopappus.diplopappus",79.4545454545455,4495,563.636363636364,63.6363636363636
"Haplopappus.scrobiculatus",53.5333333333333,4073.93333333333,437.8,69.6666666666667
"Hebe.hectorii",52.831550802139,3943.30213903743,2484.75935828877,12.2005347593583
"Hectorella.caespitosa",39.6071428571429,3956.45238095238,2410.31547619048,10.2202380952381
"Hedysarum.alpinum",-38.7063106796116,11426.4393203884,503.910194174757,51.6529126213592
"Hedysarum.hedysaroides",19.1280276816609,6640.47750865052,1153.60207612457,27.9550173010381
"Helianthemum.alpestre",26.8939929328622,6062.43462897526,1177.31802120141,28.3710247349823
"Helianthemum.grandiflorum",82.5024630541872,5986.97536945813,832.825123152709,18.0566502463054
"Helichrysum.bellidioides",69.7933194154488,3962.74321503132,2370.40709812109,14.1753653444676
"Helichrysum.psychrophilum",84.7,8345.9,512.5,64.1
"Heliotropium.geissei",87,5224,273,26
"Herminium.macrophyllum",90.1666666666667,5097.33333333333,1575.33333333333,105.166666666667
"Herniaria.boissieri",74.4032258064516,6542.62903225806,905.370967741935,39.7741935483871
"Heuchera.cylindrica",47.9255079006772,7337.30699774266,601.216704288939,37.7516930022573
"Heuchera.parviflora",120.065217391304,8520.96739130435,1071.34782608696,20.7608695652174
"Hieracium.myriadenum",74.6,6108.2,684.8,27.8
"Hordeum.comosum",61.1491442542787,6212.54034229829,1105.38141809291,29.6528117359413
"Hormathophylla.spinosa",101.679334916865,6255.78622327791,700.589073634204,36.8004750593824
"Hulsea.algida",-2.4515306122449,5554.73979591837,803.533163265306,57.8112244897959
"Hutchinsia.alpina",44.6206896551724,5731.32288401254,1197.81191222571,23.115987460815
"Hypochaeris.clarionoides",69.25,4331,565.75,69.5
"Hypochaeris.incana",65.6717557251908,3969.36641221374,362.076335877863,29.3282442748092
"Hypochaeris.radicata",111.022123893805,5416.85840707965,885.699115044248,24.396017699115
"Hypochaeris.sessiliflora",71.3931623931624,405.98717948718,1389.93162393162,35.2649572649573
"Hypochaeris.tenuifolia",69.9393939393939,4501.51515151515,762.818181818182,66.030303030303
"Ivesia.gordoni",18.8381642512077,6388.11111111111,874.528985507246,49.4710144927536
"Jaborosa.caulescens",55.5789473684211,3703.84210526316,320.842105263158,64.6315789473684
"Jarava.chrysophylla",72.1086956521739,4151.10869565217,290.728260869565,52.2282608695652
"Jasione.amethystina",53.4363636363636,6505.89090909091,1081.94545454545,37
"Jasione.crispa",97.0973451327434,5970.46902654867,775.545722713864,30.5693215339233
"Juncus.biglumis",-6.96098562628337,6715.51334702259,953.554414784394,25.2956878850103
"Juncus.bufonius",96.0079575596817,5545.67904509284,812.074270557029,19.8541114058355
"Juncus.imbricatus",140.532520325203,2266.84146341463,907.857723577236,54.9186991869919
"Juncus.stipulatus",72.9558823529412,1103.27941176471,1044.72058823529,40.6617647058824
"Juncus.thomsonii",-1.38607594936709,7599.13924050633,380.012658227848,69.753164556962
"Juncus.trifidus",-5.60970464135021,6670.62658227848,1149.48734177215,25.5759493670886
"Junellia.uniflora",23.3333333333333,3499.96296296296,263.62962962963,51.6296296296296
"Jurinea.humilis",106.33514986376,5884.76294277929,685.378746594005,29.6839237057221
"Koeleria.crassipes",96.4705882352941,5893.47058823529,758.803921568627,36.4229691876751
"Koeleria.cristata",84.8323353293413,7019.38922155689,658.874251497006,35.6586826347305
"Koeleria.croizatii",63.9729119638826,7123.69751693002,635.381489841986,27.3611738148984
"Koeleria.dieffenbachii",63.9729119638826,7123.69751693002,635.381489841986,27.3611738148984
"Koeleria.litwinowii",15.8076923076923,8013.48076923077,357.807692307692,76.5
"Koeleria.macrantha",92.2507374631268,5919.74041297935,774.973451327434,29.7846607669617
"Kurzamra.pulchella",30.7777777777778,3249.88888888889,230.555555555556,57.4444444444444
"Lachemilla.hispidulata",68.9432989690722,418.865979381443,1461.17525773196,27.7113402061856
"Lachemilla.orbiculata",93.8333333333333,420.309139784946,1455.87634408602,39.2069892473118
"Lasiocephalus.ovatus",58.3008849557522,426.309734513274,1134.6814159292,27.5486725663717
"Leontodon.boryi",69.2615384615385,6582.90769230769,936.046153846154,38.7384615384615
"Leontodon.helveticus",25.7685185185185,6088.8287037037,1224.66666666667,27.9444444444444
"Leontopodium.jocacianum",63.9729119638826,7123.69751693002,635.381489841986,27.3611738148984
"Leontopodium.nanum",20.4040404040404,7802.47474747475,372.79797979798,74.9090909090909
"Leptinella.atrata",52.6307692307692,3935.70769230769,2181.58461538462,14.1230769230769
"Leptinella.goyenii",35.4838709677419,3933.62903225806,1998.64516129032,9.08064516129032
"Leptinella.pectinata",61.0618181818182,4166.25818181818,1982.74909090909,12.5490909090909
"Leucanthemopsis.alpina",23.70625,5700.7375,1271.353125,21.39375
"Leucanthemopsis.pectinata",89.9224137931034,6533.00862068965,779.560344827586,36.6551724137931
"Leucheria.candidissima",68.2666666666667,4608,432.8,49.4666666666667
"Leucheria.leontopodioides",55.9333333333333,4169.2,458,29.8666666666667
"Leucheria.millefolium",63.0555555555556,4314.72222222222,404.555555555556,37.2777777777778
"Leucopogon.frazeri",109.817204301075,4397.34838709677,1064.42795698925,18.3483870967742
"Ligusticum.mutellinoides",14.5191256830601,6303.94535519126,1345.7650273224,19.7540983606557
"Linaria.aeruginea",110.031413612565,6187.98691099476,623.82722513089,35.1753926701571
"Linaria.alpina",36.4657894736842,5683.36842105263,1247.05263157895,19.2868421052632
"Linum.lewisii",71.7717391304348,7406.28260869565,558.969565217391,51.8630434782609
"Lloydia.serotina",-30.6163265306122,9587.9306122449,705.620408163265,50.3959183673469
"Loasa.sigmoidea",119.75,4992.5,582.5,65.75
"Lobelia.roughii",52.875,4014.225,2277.65,13.55
"Loiseleuria.procumbens",3.40529531568228,6344.97556008147,1311.8533604888,27.5641547861507
"Lomatium.sandbergii",37.7826086956522,7410,693.391304347826,30.8695652173913
"Lotus.corniculatus",93.6158798283262,7472.52360515021,858.856223175966,28.9914163090129
"Lucilia.kunthiana",57.8192771084337,820.66265060241,1397.31325301205,50.8915662650602
"Lupinus.arcticus",-42.593896713615,11173.4436619718,679.276995305164,56.9507042253521
"Lupinus.argenteus",55.3853427895981,7137.16312056738,494.730496453901,42.5460992907801
"Lupinus.microphyllus",59.2101449275362,627.478260869565,1112.36956521739,42.6014492753623
"Lupinus.sericeus",56.0688073394495,7944.80504587156,496.394495412844,34.5091743119266
"Luzula.arcuata",-12.0368852459016,6421.47950819672,1072.52254098361,24.0266393442623
"Luzula.chilensis",67.4444444444444,3918,518.222222222222,34.6666666666667
"Luzula.crinita",58.3135593220339,3670.29096045198,2508.01412429379,12.9774011299435
"Luzula.glabra",32.6095238095238,6474.06666666667,1177.2380952381,25.1142857142857
"Luzula.hispanica",-1.4320987654321,6503.4012345679,1071.94032921811,25.1728395061728
"Luzula.lutea",31.5277777777778,5643.98611111111,1331.16666666667,13.4305555555556
"Luzula.multiflora",78.0771349862259,6409.39669421488,807.493112947658,21.3471074380165
"Luzula.pumilia",45.9344827586207,3978.46206896552,2283.62413793103,11.5
"Luzula.racemosa",71.993993993994,971.711711711712,1142.96996996997,58.7207207207207
"Luzula.rufa",64.9443298969072,4099.86597938144,2186.57319587629,12.8845360824742
"Luzula.spicata",-1.4320987654321,6503.4012345679,1071.94032921811,25.1728395061728
"Lysipomia.acaulis",33.2,396.3,1500.3,38.6
"Marsippospermum.gracile",49.9690265486726,3988.15044247788,2877.35840707965,13.3008849557522
"Melicytus.alpinus",80.4175365344468,3917.99164926931,2118.89561586639,14.678496868476
"Mertensia.lanceolata",29.8372881355932,7974.84745762712,556.762711864407,34.1186440677966
"Mertensia.longiflora",65.4488636363636,7422.59659090909,493.068181818182,38.1022727272727
"Microsteris.gracilis",102.316159250585,6224.51756440281,681.775175644028,70.5831381733021
"Minuartia.gerardii",50.4505119453925,5863.70989761092,1129.35494880546,22.5051194539249
"Minuartia.macrantha",0.4,7397.15,698,20.8
"Minuartia.obtusiloba",-16.5135135135135,7726.96805896806,764.471744471745,39.958230958231
"Minuartia.sedoides",43.5443786982249,4463.08284023669,1663.63609467456,24.4467455621302
"Minuartia.verna",77.265625,4826.84895833333,1021.27604166667,19.4166666666667
"Montiopsis.andicola",36.1363636363636,4077.18181818182,481.954545454545,87.2727272727273
"Montiopsis.copiapina",9.85714285714286,2872.28571428571,130.357142857143,51.4285714285714
"Montiopsis.gayana",75.4468085106383,4155.59574468085,1117.76595744681,69.4042553191489
"Montiopsis.potentilloides",31.3333333333333,3786.71428571429,378.47619047619,87.5714285714286
"Morina.nepalensis",84.4791666666667,5376.02083333333,842.395833333333,92.6145833333333
"Moschopsis.monocephala",45.2857142857143,3399.92857142857,102.5,117.928571428571
"Mulinum.leptacanthum",75.1538461538462,4658.23076923077,561.076923076923,60.5384615384615
"Mulinum.spinosum",87.4585635359116,4579.3591160221,416.983425414365,43.2596685082873
"Myosotis.alpestris",18.7299270072993,6869.66666666667,1054.04136253041,30.8175182481752
"Myosotis.pulvinasris",41.1857142857143,3946.52857142857,2032.17142857143,10.3
"Myosotis.pygmea",81.6282051282051,3738.76923076923,1865.30769230769,14.3974358974359
"Myosotis.sylvatica",85.0044742729307,6223.53691275168,746.917225950783,20.4004474272931
"Nardus.stricta",53.6698795180723,6372.2843373494,951.457831325301,24.7421686746988
"Nassauvia.aculeata",68.3815789473684,4222.13157894737,476.921052631579,41.2631578947368
"Nassauvia.axillaris",91.421686746988,4729.95180722892,279,60.3493975903614
"Nassauvia.cumingii",61.4545454545455,4144.81818181818,557.545454545455,74.4545454545455
"Nassauvia.lagascae",63.9729119638826,7123.69751693002,635.381489841986,27.3611738148984
"Nassauvia.pygmaea",48.8809523809524,3859.92857142857,685.404761904762,36.2857142857143
"Nassauvia.pyramidalis",73.3636363636364,4253.63636363636,581.636363636364,69.1818181818182
"Nassauvia.revoluta",45.5833333333333,4012.25,726.277777777778,41.9444444444444
"Nassauvia.uniflora",101.75,4436.25,877.25,49.25
"Nastanthus.agglomeratus",31,4140,493.7,58.4
"Nastanthus.caespitosum",54.5555555555556,3105.33333333333,126.222222222222,52
"Neottianthe.calcicola",66.2077922077922,7423.05194805195,877.077922077922,78.4415584415584
"Nepeta.lamiopsis",45.3888888888889,5243.55555555556,807.5,101.166666666667
"Nevadensia.purpurea",65.9545454545455,6630.95454545455,947.636363636364,39.4545454545455
"Nototriche.aruicoma",24.5,3028.5,54.5,111.5
"Nototriche.hartwegii",72.5238095238095,349.904761904762,1158.85714285714,40.7142857142857
"Olsynium.frigidum",61.8333333333333,4060.33333333333,756.833333333333,56.5
"Olsynium.junceum",76.5434782608696,3212.17391304348,663.130434782609,66.6086956521739
"Olsynium.scirpoideum",87.125,2944.45833333333,711,84.4166666666667
"Oreomyrrhis.andicola",63.9729119638826,7123.69751693002,635.381489841986,27.3611738148984
"Oreopolus.glacialis",65.5365853658537,4341.46341463415,592.658536585366,49
"Oritrophium.peruvianium",80.1013071895425,411.87908496732,1406.33660130719,31.7745098039216
"Ourisia.caespitosa",61.796875,3930.54296875,2675.6484375,13.78125
"Ourisia.glandulosa",50.4827586206897,4140.68965517241,1822.44827586207,11.1379310344828
"Ourisia.muscoides",63.9729119638826,7123.69751693002,635.381489841986,27.3611738148984
"Oxalis.compacta",68.8666666666667,4243.06666666667,314.466666666667,63.0666666666667
"Oxalis.enneaphylla",72.05,3918.75,399,33.15
"Oxalis.patagonica",72.05,3918.75,399,33.15
"Oxalis.squamata",69.3214285714286,4378.60714285714,796.5,77.9285714285714
"Oxyria.digyna",4.64182194616977,6424.12008281574,1088.76604554865,27.5072463768116
"Oxytropis.campestris",64.3937360178971,6686.1610738255,604.420581655481,23.668903803132
"Oxytropis.carpatica",12,6360.5,1133,35.5
"Oxytropis.halleri",65.875,4255.77155172414,1024.7974137931,20.9353448275862
"Oxytropis.jacquinii",37.6016597510373,6153.22406639004,1232.80082987552,25.0954356846473
"Oxytropis.persicus",70.25,9119.5,215.25,74.5
"Oxytropis.sericea",56.2721893491124,8954.58875739645,448.236686390533,46.2869822485207
"Parastrephia.lepidophylla",131.551282051282,2789.21794871795,814.858974358974,90.4102564102564
"Parnassia.nubicola",82.0769230769231,6043.53846153846,923.282051282051,80.3333333333333
"Parnassia.palustris",23.2301075268817,7507.09247311828,750.088172043011,30.0129032258065
"Paronychia.polygonifolia",65.7399380804953,5726.85139318885,1004.14551083591,24.3250773993808
"Pedicularis.bracteosa",26.525462962963,6694.86574074074,1146.02314814815,45.25
"Pedicularis.oederi",0.00604838709677419,6703.62096774194,894.324596774194,27.0241935483871
"Pedicularis.parryi",-2.4375,7545.4921875,685.1796875,20.8203125
"Pedicularis.pilostachya",4,6410,521,96
"Pedicularis.roylei",23.6285714285714,6772.54285714286,529.8,87.2142857142857
"Pedicularis.siphonantha",39.4747474747475,5829.09090909091,736.969696969697,95.2323232323232
"Pedicularis.verticillata",10.078167115903,7149.75202156334,1259.16711590296,43.3477088948787
"Penstemon.fruticosa",41.3917910447761,7220.80597014925,781.888059701493,42.1716417910448
"Penstemon.heterodoxus",33.6417910447761,5844.7263681592,763.457711442786,63.5298507462687
"Penstemon.lyallii",29.25,7641.34375,735,27.28125
"Penstemon.rydbergii",52.4408866995074,6598.94334975369,670.290640394089,54.9827586206897
"Perezia.atacamensis",65.0833333333333,3373,290.479166666667,92.3541666666667
"Perezia.carthamoides",44.1111111111111,4157.22222222222,439.5,70.5
"Perezia.magellanica",65,2826.6,674.6,31.4
"Perezia.recurvata",80.4,4501.11428571429,450.028571428571,45.7714285714286
"Pernettya.mucronata",58.5,2846,2802.5,11.5
"Pernettya.prostrata",84.5663716814159,364.787610619469,1772.36283185841,38.5221238938053
"Pernettya.pumila",63.6818181818182,3594.27272727273,908.727272727273,39.0340909090909
"Persicaria.bistorta",73.0909090909091,6198.95454545455,917.5,18.5075757575758
"Persicaria.vivipara",28.1263383297645,7184.07066381156,819.494646680942,28.5267665952891
"Phacelia.lyallii",-1.75,7484.375,690.75,20.125
"Phacelia.secunda",86.7312775330396,3420.08370044053,564.806167400881,64.5947136563877
"Phacelia.sericea",9.94047619047619,7522.79523809524,777.730952380952,29.7380952380952
"Phaiophleps.biflora",53.1666666666667,3516.33333333333,459.916666666667,18.5833333333333
"Phleum.commutatum",4.38152610441767,7390.86746987952,846.251004016064,30.2630522088353
"Phlox.diffusa",54.6992840095465,5791.43198090692,1172.47494033413,64.873508353222
"Phlox.hoodii",52.6510538641686,8509.25526932084,408.28337236534,38.5386416861827
"Phlox.kelseyi",65.6666666666667,8236.08333333333,386.916666666667,34.5833333333333
"Phlox.pulvinata",5.27737226277372,6364.98540145985,663.094890510949,42.1459854014599
"Phyllacne.rubra",37.5,4227.375,1816.3125,9.4375
"Phyllodoce.glandulosa",63.9729119638826,7123.69751693002,635.381489841986,27.3611738148984
"Phyteuma.orbiculare",64.612426035503,6204.44674556213,1008.8875739645,24.310650887574
"Piptatherum.laterale",18.5161290322581,8918.25806451613,311.225806451613,59.5645161290323
"Plagiobothrys.myosotoides",112.352941176471,4821.20588235294,711.588235294118,85.3529411764706
"Plantago.alpina",39.5319865319865,5627.25589225589,1209.03703703704,20
"Plantago.barbata",53.3673469387755,3878.79591836735,469.244897959184,40.2244897959184
"Plantago.eriopoda",51.2704918032787,9100.18032786885,473.532786885246,45.2786885245902
"Plantago.holosteum",96.0097087378641,6052.97087378641,770.116504854369,28.8349514563107
"Plantago.lanceolata",116.07822410148,5886.01057082452,889.627906976744,35.9429175475687
"Plantago.major",107.526077097506,6575.66893424036,861.421768707483,26.5986394557823
"Plantago.patagonica",137.483516483516,7180.11648351648,446.881318681319,60.6021978021978
"Plantago.rigida",75.2783505154639,416.824742268041,1545.01030927835,36.020618556701
"Plantago.tweedyi",6.91176470588235,7803.88235294118,612.823529411765,14.7941176470588
"Poa.alopecurus",61.8427672955975,3444.89937106918,693.150943396226,25.5157232704403
"Poa.alpina",25.051724137931,7072.18534482759,762.450431034483,27.3469827586207
"Poa.araratica",45.7666666666667,8063.33333333333,538.4,81.7
"Poa.colensoi",56.3795180722892,3996.28313253012,2369.64257028112,12.6345381526104
"Poa.holciformis",57.9512195121951,4422.58536585366,524.012195121951,64.280487804878
"Poa.ligulata",101.014851485149,6262.65594059406,732.086633663366,38.7079207920792
"Poa.poiphagorum",10.2,8137.2,475.2,91.8
"Poa.pratensis",87.0416666666667,6261.46323529412,750.941176470588,19.7696078431373
"Poa.pusilla",123.119565217391,3280.11956521739,1788.16304347826,17.3478260869565
"Poa.sandbergii",119.921113689095,6294.38051044084,603.07192575406,69.9605568445476
"Poa.secunda",119.921113689095,6294.38051044084,603.07192575406,69.9605568445476
"Poa.sibirica",-38.5,11795,405.083333333333,64
"Polemonium.boreale",-70.462962962963,9894.77037037037,306.192592592593,43.1777777777778
"Polemonium.pulcherrimum",3.86199095022624,7943.25113122172,796.975113122172,40.1787330316742
"Polemonium.viscosum",-6.45,7418.21818181818,712.454545454545,21.7818181818182
"Polygala.salasiana",59.5625,4228.9375,691.875,56.625
"Polygonum.bistortioides",39.8240740740741,6382.77546296296,995.796296296296,55.4398148148148
"Polygonum.molliaeforme",-13.4059405940594,8770.34653465346,231.613861386139,48.2871287128713
"Polygonum.viviparum",-30.0625,10938.484375,485.776041666667,64.9947916666667
"Potentilla.arguta",63.9729119638826,7123.69751693002,635.381489841986,27.3611738148984
"Potentilla.concinna",28.8693181818182,7330.35795454545,551.1875,30.2102272727273
"Potentilla.crantzii",22.9305856832972,6956.2125813449,814.006507592191,27.3817787418655
"Potentilla.diversifolia",-5.16022099447514,7814.70994475138,685.099447513812,31.4640883977901
"Potentilla.gracilis",60.7709923664122,6387.81170483461,811.908396946565,62.0203562340967
"Potentilla.heptaphylla",79.7031700288184,6298.83285302594,636.876080691643,21.5043227665706
"Potentilla.microphylla",63.9729119638826,7123.69751693002,635.381489841986,27.3611738148984
"Potentilla.morefieldii",-8.74545454545455,5601.32727272727,618.145454545455,46.7272727272727
"Potentilla.multifida",-5.67883211678832,8850.19951338199,308.951338199513,53.8613138686131
"Potentilla.nivea",-20.6854663774403,7808.77223427332,739.648590021692,30.2885032537961
"Potentilla.sericea",37,11479,230,71
"Potentilla.tanacetifolia",42.3214285714286,11703.5,425.035714285714,101
"Potentilla.villosa",13.7766497461929,6624.3654822335,1279.64467005076,37.2284263959391
"Pozoa.coriacea",58.6382978723404,4305.17021276596,740.425531914894,67.4042553191489
"Primula.integrifolia",35.25,5355.59642857143,1281.93928571429,13.8071428571429
"Pritzelago.alpina",44.6206896551724,5731.32288401254,1197.81191222571,23.115987460815
"Pseudorchis.albida",8.66966292134831,6487.2202247191,1014.29438202247,25.4337078651685
"Quinchamalium.chilense",93.6224489795918,2991.98979591837,806.979591836735,78.6836734693878
"Ranunculus.acetosellifolius",71.1666666666667,6583.13888888889,927.388888888889,37.9722222222222
"Ranunculus.alpestris",31.4821428571429,6138.55952380952,1259.04761904762,26.4345238095238
"Ranunculus.breyninus",61.5121951219512,6264.35609756098,1071.4,23.6926829268293
"Ranunculus.demissus",69.8372093023256,6716.90697674419,874.162790697674,44.4418604651163
"Ranunculus.guzmanii",85.3333333333333,459.333333333333,1190,26.8888888888889
"Ranunculus.montanus",46.6317991631799,6276.99163179916,1171.81171548117,27.3054393305439
"Ranunculus.nivalis",-18.7163561076605,7044.88405797101,882.190476190476,23.6501035196687
"Ranunculus.parnassifolius",47.7043795620438,5390.16423357664,1181.62773722628,17.7226277372263
"Ranunculus.peruvianus",97.6666666666667,1202.23595505618,1272.61048689139,49.7827715355805
"Ranunculus.pseudomontanus",46.6317991631799,6276.99163179916,1171.81171548117,27.3054393305439
"Raoulia.grandiflora",51.8453608247423,3879.14639175258,2640.95463917526,13.6886597938144
"Raoulia.hectorii",39.4803149606299,3922.6062992126,1979.61417322835,9.30708661417323
"Rhodiola.fastigiata",70.390243902439,5396.43902439024,863.219512195122,94.9024390243902
"Rhodiola.juparensis",13.6138613861386,7106.20792079208,545.485148514852,81.7326732673267
"Rhodiola.rosea",13.2344497607655,6347.02153110048,1152.95693779904,26.4138755980861
"Rhodophiala.uniflora",124.571428571429,3159.85714285714,278.142857142857,99.1428571428571
"Ribes.cucullatum",67.9117647058823,3917.88235294118,953.088235294118,53.7352941176471
"Rumex.acetosella",96.5944700460829,6120.13133640553,885.043778801843,29.6290322580645
"Rumex.angiocarpus",137.878151260504,5205.97899159664,893.025210084034,50.5420168067227
"Rytidosperma.pictum",65.6285714285714,4164.28571428571,870.742857142857,60.2285714285714
"Rytidosperma.setifolium",66.0616016427105,3965.40246406571,2457.54209445585,13.435318275154
"Rytidosperma.violaceum",66.75,4279.35,892.05,70.4
"Salix.alpina",19.2613636363636,6321.67045454545,1281.04545454545,27.1590909090909
"Salix.arctica",-1.83132530120482,6070.25301204819,888.269879518072,29.6361445783133
"Salix.cascadensis",3.58490566037736,7124.8679245283,922.471698113208,32.7735849056604
"Salix.herbacea",-9.50663716814159,6743.56637168142,1136.92920353982,25.3495575221239
"Salix.polaris",-31.9512195121951,7690.21729490022,723.314855875832,30.490022172949
"Salix.reticulata",-0.0703933747412008,6681.87577639752,969.871635610766,25.4865424430642
"Salix.retusa",30.0901287553648,6032.27038626609,1254.47639484979,25.6394849785408
"Salix.serpyllifolia",14.0106382978723,5835.6170212766,1277.92907801418,23.677304964539
"Sanicula.graveolens",72.2828784119107,5803.31513647643,1017.58064516129,70.6873449131514
"Saponaria.caespitosa",55.475138121547,5377.8453038674,1116.51933701657,14.3756906077348
"Saussurea.alpina",4.93279022403259,7202.11608961304,875.932790224033,29.0244399185336
"Saussurea.gnaphalodes",-36.9707112970711,8522.65690376569,256.761506276151,68.1255230125523
"Saussurea.weberi",-22.6666666666667,7660,633,15.6666666666667
"Saxifraga.aizoides",15.7188160676533,6314.71670190275,1117.05073995772,27.661733615222
"Saxifraga.ascendens",30,5312,1324,13
"Saxifraga.brachypoda",67.5,5251.76315789474,897.236842105263,90.4473684210526
"Saxifraga.bronchialis",-21.3779342723005,8900.9765258216,734.131455399061,42.5
"Saxifraga.caesia",38.0347826086957,6191.10869565217,1191.19130434783,28.404347826087
"Saxifraga.cernua",-13.2599580712788,6767.08176100629,927.658280922432,24.3228511530398
"Saxifraga.exarata",33.8440366972477,5799.7247706422,1272.59633027523,15.1743119266055
"Saxifraga.lyallii",-2.0817843866171,7765.90334572491,907.921933085502,35.4126394052045
"Saxifraga.moorcroftiana",62.9285714285714,6981.78571428571,803.75,68.2857142857143
"Saxifraga.nelsoniana",-31.8959810874704,9453.40898345154,760.955082742317,47.6430260047281
"Saxifraga.nivalis",16.1658536585366,6088.45365853658,1544.61463414634,33.4487804878049
"Saxifraga.occidentalis",63.9729119638826,7123.69751693002,635.381489841986,27.3611738148984
"Saxifraga.oppositifolia",4.90453460620525,6403.31503579952,1108.44630071599,25.9188544152745
"Saxifraga.paniculata",32.8205128205128,7066.8603988604,1044.4415954416,25.2279202279202
"Saxifraga.rhomboidea",3.31055900621118,7577.57142857143,659.037267080745,24.4409937888199
"Saxifraga.serpyllifolia",-73.9463087248322,11151.7315436242,429.208053691275,55.6107382550336
"Saxifraga.tenuis",-108.755102040816,12383.0816326531,327.551020408163,55.7755102040816
"Saxifraga.tricuspidata",-61.5584725536993,12013.9880668258,417.701670644391,49.7016706443914
"Scabiosa.lucida",47.0717703349282,6354.14354066986,1171.49282296651,28.7799043062201
"Schizeilema.trifoliatum",88.3072289156626,3655.87951807229,1965.67469879518,17.3975903614458
"Scorzonera.meyeri",79.3333333333333,6340.66666666667,1184.66666666667,56
"Sedum.amplexicaule",117.304136253041,6025.97566909976,682.892944038929,38.7907542579075
"Sedum.atratum",40.359375,5926.19375,1187.103125,24.759375
"Sedum.brevifolium",114.051546391753,5309.72852233677,1021.44673539519,43.9553264604811
"Sedum.candollei",61.8222222222222,5835.36,989.595555555556,26.7422222222222
"Sedum.debile",26.7323943661972,7717.42253521127,524.464788732394,21.9859154929577
"Sedum.lanceolatum",26.0887290167866,7538.37889688249,628.429256594724,35.7002398081535
"Sedum.roseum",-15.25,9883.25,549.333333333333,39.8333333333333
"Senecio.amplectum",63.9729119638826,7123.69751693002,635.381489841986,27.3611738148984
"Senecio.boissieri",81.1274509803922,6204.48039215686,822.813725490196,34.6274509803922
"Senecio.bustillosianus",101,4628,987,81
"Senecio.canescens",63.9729119638826,7123.69751693002,635.381489841986,27.3611738148984
"Senecio.canus",63.9729119638826,7123.69751693002,635.381489841986,27.3611738148984
"Senecio.franciscanus",24.5,6370,827.75,43.5
"Senecio.fremontii",76.872,7739.88,580.304,57.216
"Senecio.looseri",37.4285714285714,3565.28571428571,185.857142857143,43
"Senecio.magellanicus",42.8,3660.6,420,16.9
"Senecio.nivalis",219.233038348083,1451.33038348083,1254.24778761062,80.5899705014749
"Senecio.pachyphyllos",62.2222222222222,4451.88888888889,640.888888888889,57.4444444444444
"Senecio.polygaloides",61.2222222222222,4273.77777777778,633.777777777778,79
"Senecio.portalesianus",55.6666666666667,4102.5,948.416666666667,55.1666666666667
"Senecio.puchii",50,3170.17647058824,153.705882352941,116.647058823529
"Senecio.triangularis",44.4894613583138,6284.28103044496,1075.8337236534,60.3302107728337
"Sesleria.caerulea",71.837528604119,6592.79176201373,649.823798627002,23.4347826086957
"Sesleria.tatrae",68,7013.25,893.75,29.5
"Sideritis.glacialis",76.48,6455.26,843.646666666667,36.7866666666667
"Silene.acaulis",-4.44492440604752,6750.74082073434,1005.11231101512,26.9460043196544
"Silene.boryi",93.1141141141141,6133.66666666667,727.72972972973,34.006006006006
"Silene.ciliata",63.3607038123167,5514.09970674487,1004.96187683284,21.0850439882698
"Silene.douglasii",49.2575,6513.69,976.1425,53.71
"Silene.gonosperma",-17.0272727272727,8568.87727272727,310.6,62.0590909090909
"Silene.scouleri",108.045977011494,4872.97701149425,705.586206896552,71.6436781609195
"Sisymbrium.altissimum",90.0625,6384.8775,600.485,28.225
"Sisyrinchium.arenarium",101.490566037736,4963.30188679245,734.320754716981,53.7169811320755
"Sisyrinchium.patagonicum",58.5384615384615,3634.38461538462,645.846153846154,28.9230769230769
"Smelowskia.calycina",-16.595041322314,8275.4132231405,697.099173553719,33.2644628099174
"Soldanella.alpina",34.1447368421053,5986.05921052632,1251.05592105263,22.7828947368421
"Solidago.multiradiata",-7.22352941176471,8448.53647058823,744.258823529412,46.44
"Soroseris.erysimoides",13.9818181818182,6748.01818181818,611.636363636364,92.6
"Spergularia.rubra",75.4917647058823,6650.08705882353,721.936470588235,26.5223529411765
"Stellaria.americana",10,7826,670.5,31.5
"Stellaria.borealis",-0.525458248472505,7713.88187372709,749.248472505092,31.4602851323829
"Stellaria.patens",81.75,4450,1722.25,108
"Stenanthium.occidentale",44.9868995633188,6158.52401746725,1350.82532751092,50.2183406113537
"Swertia.ciliata",89.1428571428571,6623.5,1017.82142857143,63.8214285714286
"Synthris.pinnatifia",63.9729119638826,7123.69751693002,635.381489841986,27.3611738148984
"Tarasa.humilis",76.7777777777778,4366,908.555555555556,66.7777777777778
"Taraxacum.alpinum",63.9729119638826,7123.69751693002,635.381489841986,27.3611738148984
"Taraxacum.mongolicum",126.875,6655.85,1143.825,74.1
"Taraxacum.officinale",126.461855670103,7360.10103092784,982.346391752577,28.4350515463918
"Taraxacum.vulgare",114.429193899782,5969.35947712418,809.296296296296,24.9912854030501
"Thalictrum.alpinum",9.21325051759834,6727.53623188406,997.944099378882,27.8198757763975
"Thalictrum.fendleri",106.710073710074,5485.67076167076,634.447174447174,71.6117936117936
"Themeda.trianda",143.327906976744,4384.47906976744,1003.13953488372,27.553488372093
"Thlaspi.magellanicum",57.3333333333333,4009.22222222222,461.428571428571,31.0238095238095
"Thlaspi.montanum",32.6071428571429,7573.60714285714,644.15,24.2785714285714
"Thymus.alpestris",52.28,6084.84,1165.12,20.88
"Thymus.pulegioides",81.2686980609418,6389.76454293629,734.376731301939,21.5207756232687
"Thymus.serpylloides",96.9285714285714,6438.09907834101,718.794930875576,37.6082949308756
"Tiarella.trifoliata",70.1893203883495,5280.60194174757,1569.44174757282,54.623786407767
"Tofieldia.accidentalis",63.9729119638826,7123.69751693002,635.381489841986,27.3611738148984
"Tofieldia.glutinosa",27.5,9004,897.25,18.5
"Tofieldia.pusilla",10.6004098360656,6920.28073770492,925.71106557377,29.3811475409836
"Trachydium.depressum",60.65,8412.85,531.05,78
"Trifolium.andersonii",38.4355400696864,6292.50871080139,478.087108013937,48.4390243902439
"Trifolium.dubium",103.643031784841,5554.8924205379,840.987775061125,20.281173594132
"Trifolium.nanum",-25.5,7263.31944444444,840.5,19.8333333333333
"Trifolium.parryi",-12.1709401709402,7484.40170940171,739.940170940171,19.0512820512821
"Trifolium.repens",141.811203319502,6459.34232365145,1002.8734439834,30.3775933609958
"Trisetum.alpestre",36.5066666666667,6598.16,1115.33333333333,31.24
"Trisetum.barbinode",71.8636363636364,4447.29545454545,791.295454545455,62.25
"Trisetum.flavescens",89.4122562674095,5879.66573816156,783.559888579387,17.949860724234
"Trisetum.glaciale",59.8095238095238,6680.83333333333,989.904761904762,38
"Trisetum.oreophilum",85.3055555555556,1833.5,675.611111111111,47.3611111111111
"Trisetum.preslei",62.32,4262.72,603.6,65.16
"Trisetum.spicatum",-11.0943396226415,6751.14675052411,963.125786163522,24.5094339622642
"Tristagma.nivale",56.5161290322581,4086.12903225806,562.161290322581,42.6451612903226
"Tropaeolum.polyphyllum",59,4307.625,546.25,78.1875
"Vaccaria.segetalis",119.821256038647,6050.2922705314,589.190821256039,34.8309178743961
"Vaccinium.gaultherioides",45.2162162162162,6844.02927927928,929.058558558559,28.4031531531532
"Vaccinium.uliginosum",45.2162162162162,6844.02927927928,929.058558558559,28.4031531531532
"Valeriana.alypifolia",51.0833333333333,367.041666666667,1166.83333333333,34.625
"Valeriana.aretioides",60.2,473.22,1160.7,26.72
"Valeriana.rigida",74.803738317757,491.841121495327,1097.1214953271,39.392523364486
"Veronica.alpina",-4.08865979381443,6672.48865979381,1017.39175257732,25.3237113402062
"Veronica.aphylla",37.4262948207171,6004.3625498008,1213.9203187251,26.1633466135458
"Veronica.ciliata",27.3149606299213,6730.17322834646,544.59842519685,93.9527559055118
"Veronica.himalaica",63.9729119638826,7123.69751693002,635.381489841986,27.3611738148984
"Veronica.kurdica",36.2857142857143,8353.42857142857,492.571428571429,53.8571428571429
"Veronica.verna",67.4573304157549,7044.99562363239,606.612691466083,25.4901531728665
"Vicia.bijuga",67.0833333333333,3894.54166666667,501.291666666667,31.8333333333333
"Vicia.magellanica",68.7692307692308,3630.73076923077,563.538461538462,34.1153846153846
"Viola.atropurpurea",33,4308.33333333333,394.333333333333,65
"Viola.bangii",69.34375,524.78125,1056,39.78125
"Viola.biflora",8.70105263157895,6892.92210526316,903.471578947368,27.1073684210526
"Viola.calcarata",34.9566929133858,5785.57480314961,1316.59448818898,14.4803149606299
"Viola.cotyledon",61.6363636363636,4135.27272727273,1040.90909090909,73.6363636363636
"Viola.crassiuscula",58.1481481481481,6630.40740740741,1012.94444444444,37.7037037037037
"Viola.cunninghamii",68.6867219917012,4017.20539419087,2389.14730290456,14.3879668049793
"Viola.montagnei",38.4,3493.8,311.8,46
"Viola.philippii",94,4926,630,53.5
"Viola.subandina",37,4611,535,63
"Wahlenbergia.albomarginata",70.922131147541,4033.8381147541,2133.0143442623,13.3975409836066
"Werneria.glaberrima",54.5,3068.21428571429,175.214285714286,141.428571428571
"Werneria.nubigena",79.8508771929825,784.312865497076,1065.8918128655,52.8099415204678
"Werneria.pumila",54.9662921348315,654.842696629213,1162.74157303371,40.3033707865169
"Werneria.pygmaea",63.4677419354839,1505.00806451613,922.608870967742,66.133064516129
"Ziziphora.clinopodioides",65.969387755102,8271.28571428571,538.377551020408,65.2448979591837
