"","cushion","open","cushion+open"
"Abrotanella_inconspicua",0.00228013029315961,0,0.0011400651465798
"Abrotanella_sp",0.00358306188925081,0,0.00179153094462541
"Acaena_antarctica",0.0011400651465798,0.000325732899022801,0.000732899022801303
"Acaena_diminuta",0.000488599348534202,0.000325732899022801,0.000407166123778502
"Acaena_leptacantha",0.00276872964169381,0.00162866449511401,0.00219869706840391
"Acaena_macrocephala",0.0107491856677524,0,0.00537459283387622
"Acaena_magellanica",0.00244299674267101,0.00244299674267101,0.00244299674267101
"Acaena_pinnatifida",0.00960912052117264,0.00407166123778502,0.00684039087947883
"Acaena_sp",0.00504885993485342,0.00130293159609121,0.00317589576547231
"Acaena_sp1",0,0.000162866449511401,8.14332247557003e-05
"Acaena_splendens",0.00244299674267101,0.000325732899022801,0.00138436482084691
"Acantholimon_brachystachyum",0.00684039087947883,0.000977198697068404,0.00390879478827362
"Acantholimon_sp",0.000488599348534202,0.000488599348534202,0.000488599348534202
"Achillea_atrata",0.000162866449511401,0,8.14332247557003e-05
"Achillea_millefolium",0.0167752442996743,0.00358306188925081,0.0101791530944625
"Achillea_sp",0,0.000325732899022801,0.000162866449511401
"Achillea_sp1",0,0.000162866449511401,8.14332247557003e-05
"Aciphylla_monroi",0.00260586319218241,0.000162866449511401,0.00138436482084691
"Aciphylla_sp",0.00162866449511401,0,0.000814332247557003
"Aciphyllum_congestum",0.00195439739413681,0.000651465798045603,0.00130293159609121
"Aconitum_delphinifolium",0.00244299674267101,0.000814332247557003,0.00162866449511401
"Acronema_sp",0.00179153094462541,0,0.000895765472312704
"Adesmia_echinus",0.00309446254071661,0,0.00154723127035831
"Adesmia_lotoides",0.00211726384364821,0.000651465798045603,0.00138436482084691
"Adesmia_parviflora",0.000977198697068404,0,0.000488599348534202
"Adesmia_pumila",0.00195439739413681,0.000162866449511401,0.0010586319218241
"Adesmia_salicornioides",0,0.000162866449511401,8.14332247557003e-05
"Adesmia_sp",0.00260586319218241,0.00537459283387622,0.00399022801302932
"Adesmia_sp1",0.00309446254071661,0.00570032573289902,0.00439739413680782
"Adesmia_sp2",0.00211726384364821,0.00390879478827362,0.00301302931596091
"Adesmia_sp3",0.00130293159609121,0.00521172638436482,0.00325732899022801
"Adesmia_sp4",0.000488599348534202,0.00162866449511401,0.0010586319218241
"Adesmia_sp5",0.000162866449511401,0.000325732899022801,0.000244299674267101
"Adesmia_subterranea",0.0115635179153094,0,0.00578175895765472
"Agoseris_aurantiaca",0.00798045602605863,0.00130293159609121,0.00464169381107492
"Agoseris_glauca",0.00228013029315961,0.000814332247557003,0.00154723127035831
"Agoseris_villosa",0.000162866449511401,0,8.14332247557003e-05
"Agropyron_scribneri",0.00944625407166124,0.000488599348534202,0.00496742671009772
"Agropyron_spicatum",0.00407166123778502,0.000814332247557003,0.00244299674267101
"Agrostis_alpina",0.00667752442996743,0.00195439739413681,0.00431596091205212
"Agrostis_borealis",0.00439739413680782,0.00342019543973941,0.00390879478827362
"Agrostis_castellana",0.00504885993485342,0.00423452768729642,0.00464169381107492
"Agrostis_foliata",0,0.00602605863192182,0.00301302931596091
"Agrostis_muelleriana",0.00684039087947883,0.00374592833876221,0.00529315960912052
"Agrostis_nevadensis",0.0107491856677524,0.00667752442996743,0.00871335504885993
"Agrostis_rupestris",0.000162866449511401,0,8.14332247557003e-05
"Agrostis_scabra",0.00700325732899023,0.00228013029315961,0.00464169381107492
"Agrostis_serranoi",0.0011400651465798,0.000162866449511401,0.000651465798045603
"Agrostis_sp",0.00390879478827362,0.00130293159609121,0.00260586319218241
"Agrostis_sp1",0.000488599348534202,0.000162866449511401,0.000325732899022801
"Agrostis_sp2",0.000651465798045603,0.000651465798045603,0.000651465798045603
"Agrostis_sp3",0.00798045602605863,0.000325732899022801,0.00415309446254072
"Agrostis_sp4",0.00570032573289902,0.000325732899022801,0.00301302931596091
"Agrostis_sp5",0.0011400651465798,0.000814332247557003,0.000977198697068404
"Agrostis_truncatula",0.00749185667752443,0.00895765472312704,0.00822475570032573
"Ajuga_sp",0.000325732899022801,0,0.000162866449511401
"Alchemilla_alpina",0.000162866449511401,0.000162866449511401,0.000162866449511401
"Alchemilla_decumbens",0.000162866449511401,0,8.14332247557003e-05
"Alchemilla_sp",0.000977198697068404,0.000325732899022801,0.000651465798045603
"Alchemilla_sp1",0.000977198697068404,0,0.000488599348534202
"Allium_tuchalense",0.000977198697068404,0.000488599348534202,0.000732899022801303
"Alopecurus_textilis",0.000651465798045603,0.0011400651465798,0.000895765472312704
"Alyssum_nevadense",0,0.000651465798045603,0.000325732899022801
"Alyssum_sp",0.00521172638436482,0.00342019543973941,0.00431596091205212
"Anaphalis_contorta",0.0102605863192182,0.00700325732899023,0.00863192182410424
"Anarthrophyllum_gayanum",0,0.000488599348534202,0.000244299674267101
"Androsace_chamaejasme",0.0201954397394137,0.0153094462540717,0.0177524429967427
"Androsace_sermentosa",0.00814332247557003,0.00570032573289902,0.00692182410423453
"Androsace_sp1",0.00244299674267101,0.000814332247557003,0.00162866449511401
"Androsace_tapete",0.00293159609120521,0.00586319218241042,0.00439739413680782
"Anemone_drummondii",0.00456026058631922,0.000162866449511401,0.00236156351791531
"Anemone_multifida",0.0133550488599349,0,0.00667752442996743
"Anemone_occidentalis",0.00407166123778502,0.00260586319218241,0.00333876221498371
"Anemone_parviflora",0.000325732899022801,0.000162866449511401,0.000244299674267101
"Anemone_sp",0.00635179153094463,0.00260586319218241,0.00447882736156352
"Anisotome_aromatica",0.00358306188925081,0.000488599348534202,0.00203583061889251
"Anisotome_capillifolia",0.000162866449511401,0.000162866449511401,0.000162866449511401
"Anisotome_flexuosa",0,0.000651465798045603,0.000325732899022801
"Anisotome_haastii",0.00179153094462541,0,0.000895765472312704
"Anisotome_imbricata",0.00667752442996743,0.00309446254071661,0.00488599348534202
"Antennaria_alpina",0.0131921824104235,0.00928338762214984,0.0112377850162866
"Antennaria_carpatica",0.000325732899022801,0,0.000162866449511401
"Antennaria_dimorpha",0.000162866449511401,0,8.14332247557003e-05
"Antennaria_lanata",0.0171009771986971,0.00586319218241042,0.0114820846905537
"Antennaria_sp",0.000814332247557003,0.000325732899022801,0.000570032573289902
"Anthyllis_sp",0.0198697068403909,0.0146579804560261,0.0172638436482085
"Anthyllis_sp1",0.000814332247557003,0.000651465798045603,0.000732899022801303
"Anthyllis_vulneraria",0.00293159609120521,0.00276872964169381,0.00285016286644951
"ApiUnk_sp",0.00228013029315961,0,0.0011400651465798
"ApiUnk2_sp",0.0143322475570033,0.0141693811074919,0.0142508143322476
"Aquilegia_caerulea",0.000325732899022801,0,0.000162866449511401
"Arabis_alpina",0.00260586319218241,0.00358306188925081,0.00309446254071661
"Arabis_bellidifolia",0.000488599348534202,0,0.000244299674267101
"Arabis_glabra",0.0100977198697068,0.000651465798045603,0.00537459283387622
"Arabis_hirsuta",0.0011400651465798,0.0011400651465798,0.0011400651465798
"Arabis_holboellii",0.000325732899022801,0.000162866449511401,0.000244299674267101
"Arabis_lemonii",0.000325732899022801,0,0.000162866449511401
"Arabis_lyallii",0.000325732899022801,0,0.000162866449511401
"Arabis_nuttalii",0.000325732899022801,0,0.000162866449511401
"Arabis_sp",0.000651465798045603,0.000162866449511401,0.000407166123778502
"Arctostaphylos_uvaursi",0,0.000162866449511401,8.14332247557003e-05
"Arenaria_aculeata",0.000162866449511401,0.000325732899022801,0.000244299674267101
"Arenaria_capillaris",0.000814332247557003,0.000488599348534202,0.000651465798045603
"Arenaria_ciliata",0.00944625407166124,0.0104234527687296,0.00993485342019544
"Arenaria_congesta",0.00472312703583062,0.00195439739413681,0.00333876221498371
"Arenaria_insignis",0.00472312703583062,0.00293159609120521,0.00382736156351792
"Arenaria_obtusifolia",0.010586319218241,0.0102605863192182,0.0104234527687296
"Arenaria_rossii",0.00211726384364821,0.000814332247557003,0.00146579804560261
"Arenaria_serpens",0.00260586319218241,0.00130293159609121,0.00195439739413681
"Arenaria_sp",0.00276872964169381,0.00244299674267101,0.00260586319218241
"Arenaria_sp1",0.000162866449511401,0.00162866449511401,0.000895765472312704
"Arenaria_sp2",0.00423452768729642,0.00618892508143322,0.00521172638436482
"Arenaria_tetraquetra_amabilis",0.00374592833876221,0.00358306188925081,0.00366449511400651
"Arisaema_jaqmontii",0.000325732899022801,0.000162866449511401,0.000244299674267101
"Arjona_patagonica",0.000488599348534202,0.000651465798045603,0.000570032573289902
"Armeria_caespitosa",0.00325732899022801,0.00423452768729642,0.00374592833876221
"Armeria_maritima",0.0136807817589577,0,0.00684039087947883
"Arnica_alpina",0.00179153094462541,0.000325732899022801,0.0010586319218241
"Arnica_diversifolia",0.00521172638436482,0.000651465798045603,0.00293159609120521
"Arnica_sp",0.0157980456026059,0.0136807817589577,0.0147394136807818
"Artemisia_eriantha",0.000325732899022801,0.000325732899022801,0.000325732899022801
"Artemisia_frigida",0.0011400651465798,0,0.000570032573289902
"Artemisia_gmelinii",0.000651465798045603,0.000651465798045603,0.000651465798045603
"Artemisia_ludoviciana",0.000325732899022801,0,0.000162866449511401
"Artemisia_michauxiana",0.00358306188925081,0.000325732899022801,0.00195439739413681
"Artemisia_scopulorum",0.011400651465798,0.0110749185667752,0.0112377850162866
"Asperula_aristata",0.000162866449511401,0,8.14332247557003e-05
"Asperula_glomerata",0.00325732899022801,0.00244299674267101,0.00285016286644951
"Asperula_sp",0.00146579804560261,0.00342019543973941,0.00244299674267101
"Aster_alpigenus",0.000488599348534202,0.000162866449511401,0.000325732899022801
"Aster_alpinus",0.0102605863192182,0.00977198697068404,0.0100162866449511
"Aster_himailacus",0.00195439739413681,0.000651465798045603,0.00130293159609121
"Astragalus_alpinus",0.00228013029315961,0.000488599348534202,0.00138436482084691
"Astragalus_bourgovii",0.000325732899022801,0,0.000162866449511401
"Astragalus_capito",0.000325732899022801,0.000814332247557003,0.000570032573289902
"Astragalus_frigidus",0.000162866449511401,0.000488599348534202,0.000325732899022801
"Astragalus_kentrophyta",0.0110749185667752,0.00130293159609121,0.00618892508143322
"Astragalus_nivicola",0.00195439739413681,0.000814332247557003,0.00138436482084691
"Astragalus_polycladus",0.000488599348534202,0,0.000244299674267101
"Astragalus_purshii",0.00781758957654723,0.00211726384364821,0.00496742671009772
"Astragalus_sp",0,0.000162866449511401,8.14332247557003e-05
"Astragalus_sp1",0.000651465798045603,0,0.000325732899022801
"Astragalus_suleatus",0.00146579804560261,0.000162866449511401,0.000814332247557003
"Astragalus_tanguticus",0.00293159609120521,0.00228013029315961,0.00260586319218241
"AstUnk_sp",0.000325732899022801,0,0.000162866449511401
"AstUnk1_sp",0.00439739413680782,0.00390879478827362,0.00415309446254072
"AstUnk2_sp",0.000162866449511401,0,8.14332247557003e-05
"AstUnk3_sp",0.000488599348534202,0.000325732899022801,0.000407166123778502
"Avena_fatua",0.00504885993485342,0.000162866449511401,0.00260586319218241
"Azorella_coespitosa",0.000814332247557003,0.00325732899022801,0.00203583061889251
"Azorella_fuegiana",0.00228013029315961,0.00195439739413681,0.00211726384364821
"Azorella_licopodioidis",0.00374592833876221,0.000325732899022801,0.00203583061889251
"Azorella_madreporica",0.000814332247557003,0,0.000407166123778502
"Azorella_madreporica.1",0,0,0
"Azorella_monantha",0.000325732899022801,0,0.000162866449511401
"Azorella_pedunculata",0.00749185667752443,0.000488599348534202,0.00399022801302932
"Azorella_trifurcata",0.00162866449511401,0.00325732899022801,0.00244299674267101
"Baccharis_caespitosa",0.0149837133550489,0.0304560260586319,0.0227198697068404
"Barbarea_orthoceras",0.0102605863192182,0.0109120521172638,0.010586319218241
"Barneoudia_major",0.00798045602605863,0.00586319218241042,0.00692182410423453
"Bartsia_alpina",0.00130293159609121,0.000325732899022801,0.000814332247557003
"Bartsia_stricta",0.00667752442996743,0.00749185667752443,0.00708469055374593
"Bellis_sp",0.000162866449511401,0,8.14332247557003e-05
"Berberis_buxifolia",0.0011400651465798,0.000977198697068404,0.0010586319218241
"Berberis_empetrifolia",0.00439739413680782,0.000814332247557003,0.00260586319218241
"Besseya_alpina",0.00407166123778502,0.000651465798045603,0.00236156351791531
"Besseya_wyomingensis",0.00846905537459283,0.00244299674267101,0.00545602605863192
"Biscutella_glacialis",0.0011400651465798,0.000651465798045603,0.000895765472312704
"Bistorta_vivipara",0.0182410423452769,0.010586319218241,0.014413680781759
"Brachyglottis_bellidioides",0.0104234527687296,0.00358306188925081,0.00700325732899023
"Brachyscome_sinclairii",0.00146579804560261,0.000162866449511401,0.000814332247557003
"BrasUnk_sp",0.0226384364820847,0.00521172638436482,0.0139250814332248
"BrasUnk2_sp",0.000488599348534202,0,0.000244299674267101
"BrasUnk3_sp",0.000162866449511401,0.000162866449511401,0.000162866449511401
"Bromus_carinatus",0.000325732899022801,0,0.000162866449511401
"Bromus_catharticus",0.00146579804560261,0.000488599348534202,0.000977198697068404
"Bromus_commutatus",0.00635179153094463,0.00553745928338762,0.00594462540716612
"Bromus_lanatus",0.00358306188925081,0.00374592833876221,0.00366449511400651
"Bromus_setifolius",0.0254071661237785,0.00309446254071661,0.0142508143322476
"Bromus_sp",0.0161237785016287,0.00944625407166124,0.012785016286645
"Bromus_sp1",0.000325732899022801,0,0.000162866449511401
"Bromus_tectorum",0.00358306188925081,0.00309446254071661,0.00333876221498371
"Bromus_tomentosus",0.00504885993485342,0.00244299674267101,0.00374592833876221
"Bupleurum_americanum",0.011400651465798,0.00228013029315961,0.00684039087947883
"Calamagrostis_curvula",0.00228013029315961,0.000977198697068404,0.00162866449511401
"Calamagrostis_lapponica",0.00260586319218241,0.00179153094462541,0.00219869706840391
"Calamagrostis_pseudophragmites",0.012214983713355,0.0107491856677524,0.0114820846905537
"Calamagrostis_sp",0.00293159609120521,0.000651465798045603,0.00179153094462541
"Calandrinia_affinis",0.00146579804560261,0.00293159609120521,0.00219869706840391
"Calandrinia_caespitosa",0.00504885993485342,0.00439739413680782,0.00472312703583062
"Calandrinia_gayana",0,0,0
"Calandrinia_sp",0.00928338762214984,0.00586319218241042,0.00757328990228013
"Calceolarea_sp",0.00211726384364821,0.000814332247557003,0.00146579804560261
"Calceolaria_uniflora",0.00407166123778502,0.00293159609120521,0.00350162866449511
"Campanula_alpina",0.000162866449511401,0,8.14332247557003e-05
"Campanula_cochleariifolia",0.00749185667752443,0.00521172638436482,0.00635179153094463
"Campanula_rotundifolia",0.000162866449511401,0.000162866449511401,0.000162866449511401
"Campanula_ruprechtii",0.00309446254071661,0.00195439739413681,0.00252442996742671
"Campanula_scheuchzeri",0.011400651465798,0.00423452768729642,0.00781758957654723
"Campanula_sp",0.00651465798045603,0.00504885993485342,0.00578175895765472
"Campanula_tatrae",0.00162866449511401,0.0011400651465798,0.00138436482084691
"Capsella_bursa_pastoris",0.00130293159609121,0.00130293159609121,0.00130293159609121
"Cardamine_bellidifolia",0,0.000162866449511401,8.14332247557003e-05
"Cardamine_bilobata",0.000162866449511401,0,8.14332247557003e-05
"Carex_aphylla",0.000977198697068404,0,0.000488599348534202
"Carex_atrata",0,0.00146579804560261,0.000732899022801303
"Carex_bigelowii",0.00146579804560261,0.000325732899022801,0.000895765472312704
"Carex_caduca",0.00146579804560261,0,0.000732899022801303
"Carex_capillaris",0.00179153094462541,0.000488599348534202,0.0011400651465798
"Carex_curvula",0.00195439739413681,0.000162866449511401,0.0010586319218241
"Carex_ericetorum",0.00179153094462541,0.000325732899022801,0.0010586319218241
"Carex_firma",0.0127035830618893,0.0100977198697068,0.011400651465798
"Carex_fuliginosa",0.000488599348534202,0.00130293159609121,0.000895765472312704
"Carex_geyeri",0.0281758957654723,0.00651465798045603,0.0173452768729642
"Carex_lachenalii",0.000488599348534202,0.000651465798045603,0.000570032573289902
"Carex_nardina",0.00374592833876221,0.00390879478827362,0.00382736156351792
"Carex_parryana",0.000651465798045603,0,0.000325732899022801
"Carex_parviflora",0.00407166123778502,0.000325732899022801,0.00219869706840391
"Carex_phaeocephala",0.0151465798045603,0.0127035830618893,0.0139250814332248
"Carex_podocarpa",0.00586319218241042,0.00276872964169381,0.00431596091205212
"Carex_rupestris",0.000325732899022801,0.000162866449511401,0.000244299674267101
"Carex_sempervirens",0.00244299674267101,0.00260586319218241,0.00252442996742671
"Carex_sp",0.00602605863192182,0.00228013029315961,0.00415309446254072
"Carex_sp1",0.00211726384364821,0.00211726384364821,0.00211726384364821
"Carex_sp10",0.00586319218241042,0.00586319218241042,0.00586319218241042
"Carex_sp11",0.00130293159609121,0.00130293159609121,0.00130293159609121
"Carex_sp13",0.00162866449511401,0.000162866449511401,0.000895765472312704
"Carex_sp14",0.00130293159609121,0.00146579804560261,0.00138436482084691
"Carex_sp15",0.00293159609120521,0.00325732899022801,0.00309446254071661
"Carex_sp2",0.000488599348534202,0,0.000244299674267101
"Carex_sp3",0.0011400651465798,0.000162866449511401,0.000651465798045603
"Carex_sp4",0,0.000162866449511401,8.14332247557003e-05
"Carex_sp5",0.000488599348534202,0.000651465798045603,0.000570032573289902
"Carex_sp6",0.00325732899022801,0.00228013029315961,0.00276872964169381
"Carex_sp7",0.0115635179153094,0.00325732899022801,0.00741042345276873
"Carex_sp8",0.0245928338762215,0.0236156351791531,0.0241042345276873
"Carex_sp9",0.00146579804560261,0.000651465798045603,0.0010586319218241
"Carex_stenophylloides",0.000162866449511401,0,8.14332247557003e-05
"Carex_tristicha",0.00732899022801303,0.0123778501628664,0.00985342019543974
"CaryUnk_sp",0.000325732899022801,0.000651465798045603,0.000488599348534202
"CaryUnk2_sp",0.000488599348534202,0.000651465798045603,0.000570032573289902
"CaryUnk3_sp",0.00374592833876221,0.00211726384364821,0.00293159609120521
"CaryUnk4_sp",0.000977198697068404,0.000651465798045603,0.000814332247557003
"CaryUnk5_sp",0.000651465798045603,0.00146579804560261,0.0010586319218241
"Cassiope_hypnoides",0.000814332247557003,0.000325732899022801,0.000570032573289902
"Castilleja_miniata",0.000651465798045603,0.00162866449511401,0.0011400651465798
"Castilleja_nubigena",0.00309446254071661,0.00488599348534202,0.00399022801302932
"Castilleja_pallescens",0.000814332247557003,0.000488599348534202,0.000651465798045603
"Catabrosella_parviflora",0.000162866449511401,0.000162866449511401,0.000162866449511401
"Celmisia_bondplanii",0.000162866449511401,0,8.14332247557003e-05
"Celmisia_glandulosa",0.000162866449511401,0.000162866449511401,0.000162866449511401
"Celmisia_laricifolia",0.0107491856677524,0.00244299674267101,0.00659609120521173
"Celmisia_lyallii",0.000162866449511401,0.000162866449511401,0.000162866449511401
"Celmisia_sessiliflora",0.00130293159609121,0.000162866449511401,0.000732899022801303
"Celmisia_spectabilis",0.00325732899022801,0.00162866449511401,0.00244299674267101
"Celmisia_viscosa",0.00244299674267101,0.000325732899022801,0.00138436482084691
"Centaurea_maculosa",0.000325732899022801,0.000162866449511401,0.000244299674267101
"Centaurea_sp",0.00276872964169381,0.00553745928338762,0.00415309446254072
"Cerastium_alpinum",0.00374592833876221,0.00293159609120521,0.00333876221498371
"Cerastium_arvense",0.0472312703583062,0.0123778501628664,0.0298045602605863
"Cerastium_beeringianum",0.00570032573289902,0.000488599348534202,0.00309446254071661
"Cerastium_floccosum",0.00358306188925081,0.00651465798045603,0.00504885993485342
"Cerastium_imbricatum",0.00179153094462541,0.00130293159609121,0.00154723127035831
"Cerastium_lanatum",0.00456026058631922,0.00618892508143322,0.00537459283387622
"Cerastium_latifolium",0.00325732899022801,0.00602605863192182,0.00464169381107492
"Cerastium_nutans",0.0011400651465798,0.000325732899022801,0.000732899022801303
"Cerastium_sp",0.00407166123778502,0.00423452768729642,0.00415309446254072
"Cerastium_sp1",0.00635179153094463,0.00651465798045603,0.00643322475570033
"Cerastium_sp2",0.000488599348534202,0.000162866449511401,0.000325732899022801
"Cerastium_sp3",0,0.000162866449511401,8.14332247557003e-05
"Cerastium_trianae",0.00374592833876221,0.000814332247557003,0.00228013029315961
"Cerastrium_vulgare",0.000651465798045603,0.000325732899022801,0.000488599348534202
"Chaenorhinum_glareosum",0.000814332247557003,0.000651465798045603,0.000732899022801303
"Chaetanthera_apiculata",0,0.000977198697068404,0.000488599348534202
"Chaetanthera_euphrasioides",0.00276872964169381,0.0123778501628664,0.00757328990228013
"Chaetanthera_lycopodioides",0,0.0167752442996743,0.00838762214983713
"Chaetanthera_pentacaenoides",0.0262214983713355,0.0335504885993485,0.029885993485342
"Chaetanthera_planiseta",0,0.0109120521172638,0.00545602605863192
"Chaetanthera_pusilla",0,0.00895765472312704,0.00447882736156352
"Chamorchis_alpina",0.000814332247557003,0.000651465798045603,0.000732899022801303
"Chionochloa_sp",0.00960912052117264,0.00260586319218241,0.00610749185667752
"Chionohebe_ciliata",0.00553745928338762,0.00700325732899023,0.00627035830618893
"Chionohebe_thomsonii",0.000977198697068404,0.000977198697068404,0.000977198697068404
"Chrysopsis_villosa",0.00228013029315961,0.00244299674267101,0.00236156351791531
"Chrysosplenium_tetrandum",0.000162866449511401,0,8.14332247557003e-05
"Chuquiraga_avellanae",0,0.00195439739413681,0.000977198697068404
"Chuquiraga_jussieui",0.000977198697068404,0.000325732899022801,0.000651465798045603
"Chuquiraga_oppositifolia",0.00325732899022801,0.000814332247557003,0.00203583061889251
"Cirsium_etonii",0.00260586319218241,0.00130293159609121,0.00195439739413681
"Cirsium_scariosum",0.000162866449511401,0.000162866449511401,0.000162866449511401
"Cirsium_sp",0.00390879478827362,0.00716612377850163,0.00553745928338762
"Cirsium_sp2",0.00146579804560261,0.000977198697068404,0.0012214983713355
"Cirsium_spinosissimum",0.000325732899022801,0,0.000162866449511401
"Cirsium_tweedyi",0.000162866449511401,0,8.14332247557003e-05
"Claytonia_megarhiza",0.00146579804560261,0.000651465798045603,0.0010586319218241
"Colobanthus_aciculatus",0.00342019543973941,0.00651465798045603,0.00496742671009772
"Colobanthus_buchannii",0.00130293159609121,0.00814332247557003,0.00472312703583062
"Colobanthus_lycopodioides",0.000162866449511401,0,8.14332247557003e-05
"Colobanthus_subulatus",0.000977198697068404,0.000162866449511401,0.000570032573289902
"Comastoma_pulmonarium",0.000488599348534202,0.000651465798045603,0.000570032573289902
"Comastoma_tenellum",0.000651465798045603,0.00162866449511401,0.0011400651465798
"Cortia_depressa",0.000162866449511401,0.000162866449511401,0.000162866449511401
"Corydalis_pauciflora",0,0.000162866449511401,8.14332247557003e-05
"Crepis_heterotricha",0.000651465798045603,0.000488599348534202,0.000570032573289902
"Crepis_jacquinii",0.00570032573289902,0.00765472312703583,0.00667752442996743
"Crepis_sp",0.000325732899022801,0,0.000162866449511401
"Crepis_sp1",0.000488599348534202,0.000325732899022801,0.000407166123778502
"Crepis_terglouensis",0.00146579804560261,0.000651465798045603,0.0010586319218241
"Crocus_sp",0.00130293159609121,0.00130293159609121,0.00130293159609121
"Cryptantha_celosioides",0.00358306188925081,0.00179153094462541,0.00268729641693811
"Cryptantha_nubigena",0.00586319218241042,0.00276872964169381,0.00431596091205212
"Cuscuta_chilensis",0.000325732899022801,0,0.000162866449511401
"Cyananthus_himalaicus",0.00504885993485342,0.00586319218241042,0.00545602605863192
"Cyananthus_microphyllus",0.000977198697068404,0.000977198697068404,0.000977198697068404
"Cymopterus_glaucus",0.00146579804560261,0.00162866449511401,0.00154723127035831
"Cyperus_reflexus",0,0.000162866449511401,8.14332247557003e-05
"Cyperus_sp",0.0125407166123779,0.011400651465798,0.0119706840390879
"Cytisus_galianoi",0.00390879478827362,0.00211726384364821,0.00301302931596091
"Dactylis_glomerata",0.00211726384364821,0.00130293159609121,0.00171009771986971
"Danthonia_intermedia",0.0128664495114007,0.00586319218241042,0.00936482084690554
"Daphne_sp",0.00309446254071661,0.00179153094462541,0.00244299674267101
"Dasiphora_fruticosa",0.00765472312703583,0.00244299674267101,0.00504885993485342
"Delphinium_oxysepalum",0,0.000325732899022801,0.000162866449511401
"Deschampsia_caespitosa",0.00244299674267101,0,0.0012214983713355
"Deschampsia_flexuosa",0.00146579804560261,0.0011400651465798,0.00130293159609121
"Deyeuxia_scabrescens",0.0125407166123779,0.0104234527687296,0.0114820846905537
"Dianthus_brachyanthus",0.000651465798045603,0.00130293159609121,0.000977198697068404
"Discaria_nana",0.000325732899022801,0,0.000162866449511401
"Dodecatheon_pulchellum",0.000162866449511401,0,8.14332247557003e-05
"Doronicum_clusii",0,0.000162866449511401,8.14332247557003e-05
"Doronicum_sp",0.000162866449511401,0.000162866449511401,0.000162866449511401
"Douglasia_montana",0.00374592833876221,0.00309446254071661,0.00342019543973941
"Draba_aizoides",0.000488599348534202,0.000162866449511401,0.000325732899022801
"Draba_altaica",0.00293159609120521,0.0011400651465798,0.00203583061889251
"Draba_aretioides",0.0011400651465798,0.00390879478827362,0.00252442996742671
"Draba_aurea",0.000488599348534202,0.000162866449511401,0.000325732899022801
"Draba_cana",0.000325732899022801,0,0.000162866449511401
"Draba_funiculosa",0.000162866449511401,0.000162866449511401,0.000162866449511401
"Draba_gilliesii",0.0133550488599349,0,0.00667752442996743
"Draba_hispanica",0.000162866449511401,0,8.14332247557003e-05
"Draba_longipes",0.0011400651465798,0.000325732899022801,0.000732899022801303
"Draba_magellanica",0.00179153094462541,0.00179153094462541,0.00179153094462541
"Draba_oligosperma",0.00765472312703583,0.00260586319218241,0.00513029315960912
"Draba_oreades",0.000325732899022801,0.000325732899022801,0.000325732899022801
"Draba_paysonii",0.00162866449511401,0.0011400651465798,0.00138436482084691
"Draba_praealta",0.000325732899022801,0,0.000162866449511401
"Draba_pulchella",0.00602605863192182,0.00309446254071661,0.00456026058631922
"Draba_sp",0,0.000325732899022801,0.000162866449511401
"Draba_sp1",0.00309446254071661,0.00456026058631922,0.00382736156351792
"Draba_sp2",0.00130293159609121,0.000651465798045603,0.000977198697068404
"Draba_sp3",0.00439739413680782,0.00244299674267101,0.00342019543973941
"Draba_sp4",0.000162866449511401,0,8.14332247557003e-05
"Draba_sp5",0.00244299674267101,0.00276872964169381,0.00260586319218241
"Draba_sp6",0.000325732899022801,0.000651465798045603,0.000488599348534202
"Draba_tomentosa",0,0.000162866449511401,8.14332247557003e-05
"Dracophyllum_muscoides",0.00846905537459283,0.00472312703583062,0.00659609120521173
"Dracophyllum_pronum",0.00325732899022801,0.00309446254071661,0.00317589576547231
"Dracophyllum_uniflorum",0.000162866449511401,0,8.14332247557003e-05
"Dryas_octopetala",0.00993485342019544,0.00342019543973941,0.00667752442996743
"Dubyaea_hispida",0.00521172638436482,0.00390879478827362,0.00456026058631922
"Elsholtzia_eriostachya",0.0011400651465798,0.00374592833876221,0.00244299674267101
"Elymus_longaristatus",0.00635179153094463,0.00407166123778502,0.00521172638436482
"Elymus_nutans",0.00293159609120521,0,0.00146579804560261
"Elymus_rectisetus",0.00276872964169381,0.00179153094462541,0.00228013029315961
"Elymus_sp",0.000977198697068404,0.00130293159609121,0.0011400651465798
"Elymus_sp1",0.0120521172638436,0.00260586319218241,0.00732899022801303
"Elyna_myosuroides",0.000488599348534202,0,0.000244299674267101
"Elyna_sp",0.000977198697068404,0.000325732899022801,0.000651465798045603
"Empetrum_rubrum",0.00423452768729642,0.000162866449511401,0.00219869706840391
"Empetrum_sp",0.000488599348534202,0.000488599348534202,0.000488599348534202
"Ephedra_americana",0,0,0
"Epilobium_angustifolium",0.000162866449511401,0,8.14332247557003e-05
"Epilobium_cylindricum",0.000162866449511401,0.000162866449511401,0.000162866449511401
"Epilobium_nivale",0.00162866449511401,0,0.000814332247557003
"Epilobium_pycnostachyium",0,0.00342019543973941,0.00171009771986971
"Epilobium_sp",0.000162866449511401,0.000162866449511401,0.000162866449511401
"Eragrostis_pectinacea",0.00130293159609121,0.00130293159609121,0.00130293159609121
"Erigeron_alpinus",0,0.000162866449511401,8.14332247557003e-05
"Erigeron_andicola",0.0299674267100977,0.00602605863192182,0.0179967426710098
"Erigeron_aureus",0.00195439739413681,0.000325732899022801,0.0011400651465798
"Erigeron_caespitosum",0.000651465798045603,0,0.000325732899022801
"Erigeron_canus",0.000488599348534202,0,0.000244299674267101
"Erigeron_compositus",0.0192182410423453,0.00846905537459283,0.0138436482084691
"Erigeron_ecuadoriensis",0.00895765472312704,0.00944625407166124,0.00920195439739414
"Erigeron_eriocalyx",0.000162866449511401,0.000162866449511401,0.000162866449511401
"Erigeron_frigidus",0.000977198697068404,0.000325732899022801,0.000651465798045603
"Erigeron_glabratus",0.000651465798045603,0.000162866449511401,0.000407166123778502
"Erigeron_lanatus",0.00325732899022801,0.000977198697068404,0.00211726384364821
"Erigeron_rydbergii",0.00749185667752443,0.00488599348534202,0.00618892508143322
"Erigeron_simplex",0.00195439739413681,0.000651465798045603,0.00130293159609121
"Erigeron_sp",0.00732899022801303,0.00293159609120521,0.00513029315960912
"Erigeron_sp1",0.000814332247557003,0.000488599348534202,0.000651465798045603
"Erigeron_sp2",0.00488599348534202,0.00423452768729642,0.00456026058631922
"Erigeron_sp3",0.00211726384364821,0,0.0010586319218241
"Erigeron_sp4",0,0.000162866449511401,8.14332247557003e-05
"Erigeron_sp5",0.00586319218241042,0.00374592833876221,0.00480456026058632
"Erigeron_sp6",0.000651465798045603,0,0.000325732899022801
"Erigeron_sp7",0.000325732899022801,0.000814332247557003,0.000570032573289902
"Erigeron_tomentosa",0.000651465798045603,0.000651465798045603,0.000651465798045603
"Erigeron_uniflorus",0.000488599348534202,0.000162866449511401,0.000325732899022801
"Eriogonum_flavum",0.000488599348534202,0.000162866449511401,0.000325732899022801
"Eriogonum_ovalifolium",0.000651465798045603,0.000814332247557003,0.000732899022801303
"Eriogonum_sp",0.0104234527687296,0.00684039087947883,0.00863192182410424
"Eriogonum_subalpinum",0.000325732899022801,0,0.000162866449511401
"Eriophyllum_lanatum",0.00260586319218241,0.000814332247557003,0.00171009771986971
"Eritrichium_nanum",0.00928338762214984,0.00700325732899023,0.00814332247557003
"Erophila_verna",0.000488599348534202,0.00553745928338762,0.00301302931596091
"Eryngium_glaciale",0.00358306188925081,0.00130293159609121,0.00244299674267101
"Eudema_sp",0,0.00325732899022801,0.00162866449511401
"Euphorbia_collina",0.00570032573289902,0.00244299674267101,0.00407166123778502
"Euphorbia_esula",0.000488599348534202,0.000488599348534202,0.000488599348534202
"Euphorbia_nevadensis",0.0100977198697068,0.00993485342019544,0.0100162866449511
"Euphorbia_stracheyi",0.000488599348534202,0,0.000244299674267101
"Euphrasia_frigida",0.000162866449511401,0.000162866449511401,0.000162866449511401
"Euphrasia_minima",0.0112377850162866,0.0102605863192182,0.0107491856677524
"Euphrasia_salisburgensis",0.00211726384364821,0.00504885993485342,0.00358306188925081
"Euphrasia_sp",0.000162866449511401,0.000651465798045603,0.000407166123778502
"Euphrasia_tatrae",0.000162866449511401,0,8.14332247557003e-05
"Euphrasia_willkommii",0.0011400651465798,0.00293159609120521,0.00203583061889251
"Euphrasia_zealandica",0.000814332247557003,0.0011400651465798,0.000977198697068404
"Festuca_alaica",0.00423452768729642,0.00211726384364821,0.00317589576547231
"Festuca_arizonica",0.0110749185667752,0.00358306188925081,0.00732899022801303
"Festuca_brachyphylla",0.00765472312703583,0.00309446254071661,0.00537459283387622
"Festuca_clementei",0.00993485342019544,0.00570032573289902,0.00781758957654723
"Festuca_curvifolia",0.00879478827361563,0.00456026058631922,0.00667752442996743
"Festuca_iberica",0.00374592833876221,0.000977198697068404,0.00236156351791531
"Festuca_idahoensis",0.0166123778501629,0.00504885993485342,0.0108306188925081
"Festuca_indigesta",0.0161237785016287,0.0157980456026059,0.0159609120521173
"Festuca_magellanica",0.0242671009771987,0.00618892508143322,0.015228013029316
"Festuca_ovina",0.0294788273615635,0.0109120521172638,0.0201954397394137
"Festuca_quadriflora",0.0100977198697068,0.00553745928338762,0.00781758957654723
"Festuca_sp",0.00488599348534202,0.00749185667752443,0.00618892508143322
"Festuca_sp1",0.000162866449511401,0,8.14332247557003e-05
"Festuca_sp2",0.00602605863192182,0.00228013029315961,0.00415309446254072
"Festuca_sp3",0.00960912052117264,0.0011400651465798,0.00537459283387622
"Festuca_sp4",0.00358306188925081,0.00146579804560261,0.00252442996742671
"Festuca_sp5",0.0205211726384365,0.0128664495114007,0.0166938110749186
"Festuca_sp6",0.000651465798045603,0.000162866449511401,0.000407166123778502
"Festuca_sp7",0.00162866449511401,0.00504885993485342,0.00333876221498371
"Festuca_sp8",0.0184039087947883,0.00521172638436482,0.0118078175895765
"Festuca_sp9",0.00732899022801303,0.00374592833876221,0.00553745928338762
"Festuca_versicolor",0.0166123778501629,0.0193811074918567,0.0179967426710098
"Festuca_violacea",0.0123778501628664,0.00325732899022801,0.00781758957654723
"Filago_arvensis",0.000162866449511401,0,8.14332247557003e-05
"Floscaldasia_hypsophila",0.000162866449511401,0,8.14332247557003e-05
"Fritillaria_pudica",0.00130293159609121,0.000488599348534202,0.000895765472312704
"Gaillardia_aristata",0.000814332247557003,0.000162866449511401,0.000488599348534202
"Galium_anisophyllon",0.0104234527687296,0.00879478827361563,0.00960912052117264
"Galium_boreale",0.00325732899022801,0.000651465798045603,0.00195439739413681
"Galium_decumbens",0.000162866449511401,0,8.14332247557003e-05
"Galium_gilliesii",0.00146579804560261,0.000814332247557003,0.0011400651465798
"Galium_megalospermum",0.00146579804560261,0.00374592833876221,0.00260586319218241
"Galium_pyrenaicum",0.0167752442996743,0.00944625407166124,0.0131107491856678
"Galium_sp",0.00260586319218241,0.0011400651465798,0.00187296416938111
"Galium_sp1",0.00456026058631922,0.0011400651465798,0.00285016286644951
"Gamocarpa_selliana",0.00195439739413681,0.00162866449511401,0.00179153094462541
"Gaultheria_depressa",0.00162866449511401,0.000488599348534202,0.0010586319218241
"Gaultheria_nubicola",0.00749185667752443,0.00602605863192182,0.00675895765472313
"Gaultheria_pumila",0.00570032573289902,0.000325732899022801,0.00301302931596091
"Gayophytum_humile",0,0.00407166123778502,0.00203583061889251
"Gayophytum_micranthum",0.00407166123778502,0.000977198697068404,0.00252442996742671
"Gentiana_algida",0.000488599348534202,0,0.000244299674267101
"Gentiana_brachyphylla",0.00700325732899023,0.000977198697068404,0.00399022801302932
"Gentiana_corymbifera",0.000325732899022801,0,0.000162866449511401
"Gentiana_depressa",0.00537459283387622,0.00537459283387622,0.00537459283387622
"Gentiana_divisa",0.000651465798045603,0,0.000325732899022801
"Gentiana_nivalis",0.000162866449511401,0,8.14332247557003e-05
"Gentiana_ornata",0.000488599348534202,0,0.000244299674267101
"Gentiana_prostrata",0,0.000162866449511401,8.14332247557003e-05
"Gentiana_sedifolia",0.00863192182410424,0.00700325732899023,0.00781758957654723
"Gentiana_sp",0.00162866449511401,0,0.000814332247557003
"Gentiana_sp1",0.00179153094462541,0.000651465798045603,0.0012214983713355
"Gentiana_sp2",0.00211726384364821,0.00162866449511401,0.00187296416938111
"Gentiana_sp3",0.000651465798045603,0.000325732899022801,0.000488599348534202
"Gentiana_sp4",0.000162866449511401,0.000488599348534202,0.000325732899022801
"Gentiana_sp5",0.00162866449511401,0.000651465798045603,0.0011400651465798
"Gentiana_sp6",0.000162866449511401,0,8.14332247557003e-05
"Gentiana_tenella",0.000325732899022801,0,0.000162866449511401
"Gentianella_falcata",0.00195439739413681,0.00211726384364821,0.00203583061889251
"Gentianella_lutescens",0,0.000488599348534202,0.000244299674267101
"Gentianella_rupicola",0.00179153094462541,0.000651465798045603,0.0012214983713355
"Geranium_donianum",0.00130293159609121,0.000325732899022801,0.000814332247557003
"Geranium_ecuadoriensis",0,0.000162866449511401,8.14332247557003e-05
"Geranium_multipartitum",0.0140065146579805,0.0141693811074919,0.0140879478827362
"Geranium_sessiliflorum",0.00912052117263844,0.00342019543973941,0.00627035830618893
"Gerbera_nivea",0.00684039087947883,0.00488599348534202,0.00586319218241042
"Geum_rossii",0.0223127035830619,0.0172638436482085,0.0197882736156352
"Geum_triflorum",0.000977198697068404,0.000488599348534202,0.000732899022801303
"Geum_uniflorum",0.00602605863192182,0.000488599348534202,0.00325732899022801
"Globularia_sp",0.00830618892508143,0.00635179153094463,0.00732899022801303
"Gnaphalium_decurrens",0.000162866449511401,0,8.14332247557003e-05
"Gnaphalium_hoppeanum",0.000162866449511401,0,8.14332247557003e-05
"Gnaphalium_sp",0.000814332247557003,0.000651465798045603,0.000732899022801303
"Gnaphalium_supinum",0.000325732899022801,0.000814332247557003,0.000570032573289902
"Gregoria_vitaliana",0.000162866449511401,0,8.14332247557003e-05
"Haastia_sinclarii",0.000162866449511401,0.000814332247557003,0.000488599348534202
"Halenia_weddeliana",0.000488599348534202,0.000651465798045603,0.000570032573289902
"Hamadryas_sp",0.000162866449511401,0.00309446254071661,0.00162866449511401
"Haplopappus_diplopappus",0.00195439739413681,0.000162866449511401,0.0010586319218241
"Haplopappus_scrobiculatus",0.00228013029315961,0.00293159609120521,0.00260586319218241
"Haplopappus_sp",0.000977198697068404,0.000651465798045603,0.000814332247557003
"Hebe_hectorii",0.00244299674267101,0.000325732899022801,0.00138436482084691
"Hectorella_caespitosa",0.000162866449511401,0,8.14332247557003e-05
"Hectorella_sp",0.00521172638436482,0.0011400651465798,0.00317589576547231
"Hedysarum_alpinum",0.00162866449511401,0.000651465798045603,0.0011400651465798
"Hedysarum_hedysaroides",0.000162866449511401,0.000162866449511401,0.000162866449511401
"Helianthemum_alpestre",0.00407166123778502,0.00602605863192182,0.00504885993485342
"Helianthemum_grandiflorum",0,0.000651465798045603,0.000325732899022801
"Helianthemum_sp",0.0254071661237785,0.0242671009771987,0.0248371335504886
"Helianthemum_sp1",0.00472312703583062,0.00276872964169381,0.00374592833876221
"Helichrysum_bellidioides",0.000651465798045603,0,0.000325732899022801
"Helichrysum_psychrophilum",0.000162866449511401,0.000162866449511401,0.000162866449511401
"Heliotropium_geissei",0.000162866449511401,0,8.14332247557003e-05
"Herminium_macrophyllum",0.00244299674267101,0.00130293159609121,0.00187296416938111
"Herniaria_boissieri",0.000325732899022801,0.000488599348534202,0.000407166123778502
"Heuchera_cylindrica",0.000162866449511401,0,8.14332247557003e-05
"Heuchera_parviflora",0.00488599348534202,0.000325732899022801,0.00260586319218241
"Hieracium_myriadenum",0.00309446254071661,0.00309446254071661,0.00309446254071661
"Hieracium_sp",0.00586319218241042,0.00244299674267101,0.00415309446254072
"Hieracium_sp1",0.000977198697068404,0.000325732899022801,0.000651465798045603
"Hordeum_comosum",0.0840390879478827,0.0291530944625407,0.0565960912052117
"Hormathophylla_spinosa",0.00390879478827362,0.00276872964169381,0.00333876221498371
"Hulsea_algida",0.000814332247557003,0,0.000407166123778502
"Hutchinsia_alpina",0.00374592833876221,0.00228013029315961,0.00301302931596091
"Hypochaeris_clarionoides",0.0011400651465798,0.000162866449511401,0.000651465798045603
"Hypochaeris_incana",0.00374592833876221,0.00244299674267101,0.00309446254071661
"Hypochaeris_radicata",0.000325732899022801,0,0.000162866449511401
"Hypochaeris_sessiliflora",0.0219869706840391,0.0244299674267101,0.0232084690553746
"Hypochaeris_tenuifolia",0.00700325732899023,0.00179153094462541,0.00439739413680782
"Ivesia_gordoni",0.0136807817589577,0.00977198697068404,0.0117263843648208
"Jaborosa_caulescens",0,0.00211726384364821,0.0010586319218241
"Jarava_chrysophylla",0.0120521172638436,0.00293159609120521,0.00749185667752443
"Jasione_amethystina",0.0399022801302932,0.0223127035830619,0.0311074918566775
"Jasione_crispa",0.00846905537459283,0.00130293159609121,0.00488599348534202
"Juncus_biglumis",0.000162866449511401,0.000162866449511401,0.000162866449511401
"Juncus_bufonius",0.000488599348534202,0.000325732899022801,0.000407166123778502
"Juncus_imbricatus",0.000488599348534202,0.000977198697068404,0.000732899022801303
"Juncus_sp",0,0.000325732899022801,0.000162866449511401
"Juncus_stipulatus",0.000488599348534202,0.000162866449511401,0.000325732899022801
"Juncus_thomsonii",0.00130293159609121,0.000325732899022801,0.000814332247557003
"Juncus_trifidus",0.00130293159609121,0.000325732899022801,0.000814332247557003
"Junellia_uniflora",0,0.000977198697068404,0.000488599348534202
"Jurinea_humilis",0.00179153094462541,0.000814332247557003,0.00130293159609121
"Jurinella_frigida",0.00179153094462541,0.00146579804560261,0.00162866449511401
"Koeleria_crassipes",0.000651465798045603,0.000162866449511401,0.000407166123778502
"Koeleria_cristata",0.00162866449511401,0.000488599348534202,0.0010586319218241
"Koeleria_croizatii",0.00374592833876221,0.00179153094462541,0.00276872964169381
"Koeleria_dieffenbachii",0.00586319218241042,0.00276872964169381,0.00431596091205212
"Koeleria_litwinowii",0.00130293159609121,0.00309446254071661,0.00219869706840391
"Koeleria_macrantha",0.00912052117263844,0.00749185667752443,0.00830618892508143
"Koeleria_sp",0.00342019543973941,0.000488599348534202,0.00195439739413681
"Koeleria_sp1",0.00504885993485342,0.00179153094462541,0.00342019543973941
"Koeleria_sp2",0.00635179153094463,0.00521172638436482,0.00578175895765472
"Koeleria_sp3",0.00895765472312704,0.00439739413680782,0.00667752442996743
"Kurzamra_pulchella",0.00570032573289902,0,0.00285016286644951
"Lachemilla_hispidulata",0.0011400651465798,0.000651465798045603,0.000895765472312704
"Lachemilla_orbiculata",0.000488599348534202,0.000977198697068404,0.000732899022801303
"Lactuca_sp",0.000162866449511401,0,8.14332247557003e-05
"LamUnk_sp",0.00162866449511401,0.00162866449511401,0.00162866449511401
"Lasiocephalus_ovatus",0.000162866449511401,0,8.14332247557003e-05
"Lathyrus_sp",0.000977198697068404,0.000325732899022801,0.000651465798045603
"Leontodon_boryi",0.00879478827361563,0.00521172638436482,0.00700325732899023
"Leontodon_helveticus",0.00521172638436482,0.000488599348534202,0.00285016286644951
"Leontodon_sp",0.000488599348534202,0.000488599348534202,0.000488599348534202
"Leontodon_sp1",0.000325732899022801,0.000325732899022801,0.000325732899022801
"Leontodon_sp2",0.000162866449511401,0.000162866449511401,0.000162866449511401
"Leontodon_sp3",0.00439739413680782,0.00358306188925081,0.00399022801302932
"Leontopodium_jocacianum",0.00814332247557003,0.00684039087947883,0.00749185667752443
"Leontopodium_nanum",0.00586319218241042,0.00342019543973941,0.00464169381107492
"Leontopodium_sp",0.000162866449511401,0,8.14332247557003e-05
"Leptinella_atrata",0.00651465798045603,0.000814332247557003,0.00366449511400651
"Leptinella_goyenii",0.00342019543973941,0.00732899022801303,0.00537459283387622
"Leptinella_pectinata",0,0.000162866449511401,8.14332247557003e-05
"Leptinella_sp",0.0011400651465798,0,0.000570032573289902
"Lesquerella_humilis",0.000162866449511401,0,8.14332247557003e-05
"Leucanthemopsis_alpina",0.000162866449511401,0.000162866449511401,0.000162866449511401
"Leucanthemopsis_pectinata",0.000488599348534202,0.000977198697068404,0.000732899022801303
"Leucanthemum_sp",0,0.000162866449511401,8.14332247557003e-05
"Leucheria_candidissima",0.000814332247557003,0.000162866449511401,0.000488599348534202
"Leucheria_leontopodioides",0.0011400651465798,0.00146579804560261,0.00130293159609121
"Leucheria_millefolium",0.0011400651465798,0,0.000570032573289902
"Leucopogon_frazeri",0.00179153094462541,0.000814332247557003,0.00130293159609121
"Leuzea_sp",0.00146579804560261,0.000814332247557003,0.0011400651465798
"Ligusticum_mutellinoides",0.00846905537459283,0.00325732899022801,0.00586319218241042
"Ligusticum_sp",0.000162866449511401,0,8.14332247557003e-05
"LilUnk_sp",0.0011400651465798,0.0011400651465798,0.0011400651465798
"Linaria_aeruginea",0.000651465798045603,0.0011400651465798,0.000895765472312704
"Linaria_alpina",0.000162866449511401,0.00130293159609121,0.000732899022801303
"Linaria_sp",0.000325732899022801,0,0.000162866449511401
"Linaria_sp1",0.00667752442996743,0.00407166123778502,0.00537459283387622
"Linaria_sp2",0.000325732899022801,0.000325732899022801,0.000325732899022801
"Linum_lewisii",0.0011400651465798,0,0.000570032573289902
"Linum_sp",0.000162866449511401,0,8.14332247557003e-05
"Lloydia_serotina",0.0107491856677524,0.00504885993485342,0.00789902280130293
"Loasa_sigmoidea",0.00977198697068404,0.010586319218241,0.0101791530944625
"Lobelia_roughii",0.000162866449511401,0,8.14332247557003e-05
"Loiseleuria_procumbens",0.000651465798045603,0,0.000325732899022801
"Lomatium_sandbergii",0.000651465798045603,0,0.000325732899022801
"Lotus_corniculatus",0.00879478827361563,0.00732899022801303,0.00806188925081433
"Lotus_sp",0.000651465798045603,0.00179153094462541,0.0012214983713355
"Lucilia_kunthiana",0.00977198697068404,0.0100977198697068,0.00993485342019544
"Luetkea_sp",0,0.000162866449511401,8.14332247557003e-05
"Lupinus_arcticus",0.00309446254071661,0.00179153094462541,0.00244299674267101
"Lupinus_argenteus",0.00179153094462541,0.000814332247557003,0.00130293159609121
"Lupinus_microphyllus",0.00912052117263844,0.0104234527687296,0.00977198697068404
"Lupinus_sericeus",0.000162866449511401,0.000162866449511401,0.000162866449511401
"Luzula_arcuata",0.000488599348534202,0.000162866449511401,0.000325732899022801
"Luzula_chilensis",0.00228013029315961,0,0.0011400651465798
"Luzula_crinita",0.00276872964169381,0.00276872964169381,0.00276872964169381
"Luzula_glabra",0,0.000162866449511401,8.14332247557003e-05
"Luzula_hispanica",0.00374592833876221,0.000651465798045603,0.00219869706840391
"Luzula_lutea",0.0011400651465798,0.000162866449511401,0.000651465798045603
"Luzula_multiflora",0.000162866449511401,0,8.14332247557003e-05
"Luzula_pumilia",0.000651465798045603,0.00700325732899023,0.00382736156351792
"Luzula_racemosa",0.00651465798045603,0.00537459283387622,0.00594462540716612
"Luzula_rufa",0.00586319218241042,0.00162866449511401,0.00374592833876221
"Luzula_sp",0.00162866449511401,0.000325732899022801,0.000977198697068404
"Luzula_sp1",0.00586319218241042,0.00260586319218241,0.00423452768729642
"Luzula_sp2",0.00749185667752443,0.00895765472312704,0.00822475570032573
"Luzula_sp3",0.00162866449511401,0,0.000814332247557003
"Luzula_sp4",0.00179153094462541,0.00244299674267101,0.00211726384364821
"Luzula_sp5",0.0011400651465798,0.00293159609120521,0.00203583061889251
"Luzula_sp6",0.00276872964169381,0.00472312703583062,0.00374592833876221
"Luzula_spicata",0.00342019543973941,0.00244299674267101,0.00293159609120521
"Lysipomia_acaulis",0.000814332247557003,0.00358306188925081,0.00219869706840391
"Marrubium_sp",0.00472312703583062,0.00570032573289902,0.00521172638436482
"Marsippospermum_gracile",0.00130293159609121,0.000651465798045603,0.000977198697068404
"Melicytus_alpinus",0.000162866449511401,0.000325732899022801,0.000244299674267101
"Menonvillea_sp",0.0011400651465798,0.00179153094462541,0.00146579804560261
"Mertensia_lanceolata",0.00179153094462541,0.000651465798045603,0.0012214983713355
"Mertensia_longiflora",0.00488599348534202,0.0011400651465798,0.00301302931596091
"Mertensia_sp",0,0,0
"Microsteris_gracilis",0.00732899022801303,0.0125407166123779,0.00993485342019544
"Minuartia_gerardii",0.000651465798045603,0.00162866449511401,0.0011400651465798
"Minuartia_macrantha",0.000325732899022801,0.000325732899022801,0.000325732899022801
"Minuartia_obtusiloba",0.00407166123778502,0.00195439739413681,0.00301302931596091
"Minuartia_sedoides",0.00342019543973941,0.00211726384364821,0.00276872964169381
"Minuartia_sp",0,0.000162866449511401,8.14332247557003e-05
"Minuartia_sp1",0.00146579804560261,0,0.000732899022801303
"Minuartia_verna",0.00846905537459283,0.00586319218241042,0.00716612377850163
"Montiopsis_andicola",0.00716612377850163,0.000325732899022801,0.00374592833876221
"Montiopsis_copiapina",0.00325732899022801,0,0.00162866449511401
"Montiopsis_gayana",0.00504885993485342,0.000651465798045603,0.00285016286644951
"Montiopsis_potentilloides",0.0133550488599349,0.0185667752442997,0.0159609120521173
"Morina_nepalensis",0.000162866449511401,0.000162866449511401,0.000162866449511401
"Moschopsis_monocephala",0.000814332247557003,0.000651465798045603,0.000732899022801303
"Mulinum_leptacanthum",0.00651465798045603,0.00228013029315961,0.00439739413680782
"Mulinum_spinosum",0.000162866449511401,0,8.14332247557003e-05
"Myosotis_alpestris",0.00325732899022801,0.00179153094462541,0.00252442996742671
"Myosotis_pulvinasris",0.000162866449511401,0,8.14332247557003e-05
"Myosotis_pygmea",0.000325732899022801,0,0.000162866449511401
"Myosotis_sylvatica",0.00390879478827362,0.000162866449511401,0.00203583061889251
"Myrosmodes_sp",0.00537459283387622,0.00553745928338762,0.00545602605863192
"Nardus_stricta",0.000162866449511401,0,8.14332247557003e-05
"Nassauvia_aculeata",0.00211726384364821,0.00244299674267101,0.00228013029315961
"Nassauvia_axillaris",0.00146579804560261,0.000488599348534202,0.000977198697068404
"Nassauvia_cumingii",0.00635179153094463,0.00374592833876221,0.00504885993485342
"Nassauvia_lagascae",0.00244299674267101,0.0107491856677524,0.00659609120521173
"Nassauvia_pygmaea",0.000488599348534202,0.00146579804560261,0.000977198697068404
"Nassauvia_pyramidalis",0.00244299674267101,0.00684039087947883,0.00464169381107492
"Nassauvia_revoluta",0.0011400651465798,0.000814332247557003,0.000977198697068404
"Nassauvia_sp",0.00684039087947883,0.00276872964169381,0.00480456026058632
"Nassauvia_sp1",0.00179153094462541,0.000814332247557003,0.00130293159609121
"Nassauvia_sp2",0.00228013029315961,0.000814332247557003,0.00154723127035831
"Nassauvia_uniflora",0.00635179153094463,0.00732899022801303,0.00684039087947883
"Nastanthus_agglomeratus",0.0177524429967427,0.00276872964169381,0.0102605863192182
"Nastanthus_caespitosum",0.00162866449511401,0,0.000814332247557003
"Neottianthe_calcicola",0.00162866449511401,0,0.000814332247557003
"Nepeta_lamiopsis",0.000162866449511401,0.000488599348534202,0.000325732899022801
"Nevadensia_purpurea",0.0228013029315961,0.0164495114006515,0.0196254071661238
"Nototriche_aruicoma",0.00260586319218241,0,0.00130293159609121
"Nototriche_hartwegii",0.00570032573289902,0.00407166123778502,0.00488599348534202
"Olsynium_frigidum",0.000162866449511401,0,8.14332247557003e-05
"Olsynium_junceum",0.00293159609120521,0.000977198697068404,0.00195439739413681
"Olsynium_scirpoideum",0.00912052117263844,0.00390879478827362,0.00651465798045603
"Oreobolus_sp",0.000814332247557003,0.000162866449511401,0.000488599348534202
"Oreochloa_sp",0.0187296416938111,0.00684039087947883,0.012785016286645
"Oreomyrrhis_andicola",0.00537459283387622,0.000977198697068404,0.00317589576547231
"Oreopolus_glacialis",0.00374592833876221,0.000488599348534202,0.00211726384364821
"Oritrophium_peruvianium",0.000488599348534202,0.00162866449511401,0.0010586319218241
"Ourisia_caespitosa",0.00260586319218241,0,0.00130293159609121
"Ourisia_glandulosa",0.00472312703583062,0,0.00236156351791531
"Ourisia_muscoides",0.000162866449511401,0.00130293159609121,0.000732899022801303
"Oxalis_compacta",0.000488599348534202,0.0135179153094463,0.00700325732899023
"Oxalis_enneaphylla",0.000977198697068404,0.00211726384364821,0.00154723127035831
"Oxalis_patagonica",0.000162866449511401,0,8.14332247557003e-05
"Oxalis_sp",0.0131921824104235,0.00228013029315961,0.00773615635179153
"Oxalis_sp1",0.00684039087947883,0.00716612377850163,0.00700325732899023
"Oxalis_squamata",0.00130293159609121,0.00146579804560261,0.00138436482084691
"Oxyria_digyna",0.00570032573289902,0.00325732899022801,0.00447882736156352
"Oxytropis_campestris",0.0109120521172638,0.00244299674267101,0.00667752442996743
"Oxytropis_carpatica",0.0115635179153094,0.0136807817589577,0.0126221498371336
"Oxytropis_halleri",0.000488599348534202,0.0011400651465798,0.000814332247557003
"Oxytropis_jacquinii",0.000325732899022801,0,0.000162866449511401
"Oxytropis_persicus",0,0.000162866449511401,8.14332247557003e-05
"Oxytropis_sericea",0.000814332247557003,0.000977198697068404,0.000895765472312704
"Oxytropis_sp",0.00195439739413681,0.0011400651465798,0.00154723127035831
"Oxytropis_sp1",0,0.000488599348534202,0.000244299674267101
"Oxytropis_sp2",0.00260586319218241,0.00211726384364821,0.00236156351791531
"Papaver_sp",0.000162866449511401,0.000162866449511401,0.000162866449511401
"Parastrephia_lepidophylla",0.00260586319218241,0,0.00130293159609121
"Parnassia_nubicola",0.00537459283387622,0.00781758957654723,0.00659609120521173
"Parnassia_palustris",0.00130293159609121,0.00276872964169381,0.00203583061889251
"Paronychia_polygonifolia",0,0.000325732899022801,0.000162866449511401
"Pedicularis_bracteosa",0.00228013029315961,0.000325732899022801,0.00130293159609121
"Pedicularis_oederi",0.00195439739413681,0.00244299674267101,0.00219869706840391
"Pedicularis_parryi",0.000325732899022801,0,0.000162866449511401
"Pedicularis_pilostachya",0.000651465798045603,0,0.000325732899022801
"Pedicularis_roylei",0.00260586319218241,0.00309446254071661,0.00285016286644951
"Pedicularis_siphonantha",0.00130293159609121,0.000651465798045603,0.000977198697068404
"Pedicularis_sp",0.00130293159609121,0.000488599348534202,0.000895765472312704
"Pedicularis_sp1",0.000162866449511401,0,8.14332247557003e-05
"Pedicularis_verticillata",0.00895765472312704,0.0102605863192182,0.00960912052117264
"Penstemon_fruticosa",0.000162866449511401,0,8.14332247557003e-05
"Penstemon_heterodoxus",0.000977198697068404,0.00162866449511401,0.00130293159609121
"Penstemon_lyallii",0.000325732899022801,0.000162866449511401,0.000244299674267101
"Penstemon_rydbergii",0.000325732899022801,0.000162866449511401,0.000244299674267101
"Penstemon_sp",0,0.000162866449511401,8.14332247557003e-05
"Perezia_atacamensis",0,0.00195439739413681,0.000977198697068404
"Perezia_carthamoides",0.00244299674267101,0.00651465798045603,0.00447882736156352
"Perezia_magellanica",0,0.000651465798045603,0.000325732899022801
"Perezia_pilifera",0.0236156351791531,0.00716612377850163,0.0153908794788274
"Perezia_recurvata",0.000325732899022801,0.000325732899022801,0.000325732899022801
"Perezia_sp",0.00830618892508143,0.00390879478827362,0.00610749185667752
"Pernettya_mucronata",0,0.000488599348534202,0.000244299674267101
"Pernettya_prostrata",0.00195439739413681,0.000814332247557003,0.00138436482084691
"Pernettya_pumila",0.00521172638436482,0.00276872964169381,0.00399022801302932
"Persicaria_bistorta",0.000162866449511401,0,8.14332247557003e-05
"Persicaria_vivipara",0.0187296416938111,0.0164495114006515,0.0175895765472313
"Phacelia_lyallii",0.000162866449511401,0.000162866449511401,0.000162866449511401
"Phacelia_secunda",0.00863192182410424,0.0187296416938111,0.0136807817589577
"Phacelia_sericea",0.00374592833876221,0.00146579804560261,0.00260586319218241
"Phacelia_sp",0,0,0
"Phaiophleps_biflora",0.000325732899022801,0.000162866449511401,0.000244299674267101
"Phleum_commutatum",0.000325732899022801,0,0.000162866449511401
"Phleum_sp",0.000488599348534202,0.000488599348534202,0.000488599348534202
"Phlox_diffusa",0.000162866449511401,0,8.14332247557003e-05
"Phlox_hoodii",0,0.000162866449511401,8.14332247557003e-05
"Phlox_kelseyi",0.000977198697068404,0,0.000488599348534202
"Phlox_pulvinata",0.00960912052117264,0.00504885993485342,0.00732899022801303
"Phlox_sp",0.0112377850162866,0.00960912052117264,0.0104234527687296
"Phlox_sp1",0.00260586319218241,0.00179153094462541,0.00219869706840391
"Phlox_sp2",0.00130293159609121,0.00146579804560261,0.00138436482084691
"Phyllacne_rubra",0.00309446254071661,0.000814332247557003,0.00195439739413681
"Phyllodoce_glandulosa",0.0011400651465798,0.000977198697068404,0.0010586319218241
"Phyllodoce_sp",0.00960912052117264,0.00260586319218241,0.00610749185667752
"Physoptychis_gnaphalodes",0.00407166123778502,0.0011400651465798,0.00260586319218241
"Phyteuma_orbiculare",0,0.000162866449511401,8.14332247557003e-05
"Pilosella_sp",0.00130293159609121,0.000651465798045603,0.000977198697068404
"Pinguicula_sp",0.000325732899022801,0.000325732899022801,0.000325732899022801
"Piptatherum_laterale",0.000488599348534202,0.000325732899022801,0.000407166123778502
"Plagiobothrys_myosotoides",0.00179153094462541,0.000977198697068404,0.00138436482084691
"Plantago_alpina",0.000977198697068404,0.000162866449511401,0.000570032573289902
"Plantago_barbata",0.00342019543973941,0,0.00171009771986971
"Plantago_eriopoda",0.00211726384364821,0.000977198697068404,0.00154723127035831
"Plantago_holosteum",0.00602605863192182,0.00358306188925081,0.00480456026058632
"Plantago_lanceolata",0.000488599348534202,0.000162866449511401,0.000325732899022801
"Plantago_major",0.000488599348534202,0,0.000244299674267101
"Plantago_nubigena",0.00407166123778502,0.011400651465798,0.00773615635179153
"Plantago_patagonica",0.00211726384364821,0.00325732899022801,0.00268729641693811
"Plantago_rigida",0.00407166123778502,0.00228013029315961,0.00317589576547231
"Plantago_sp",0.000977198697068404,0.0011400651465798,0.0010586319218241
"Plantago_sp1",0.000814332247557003,0.000325732899022801,0.000570032573289902
"Plantago_sp2",0.00700325732899023,0.00570032573289902,0.00635179153094463
"Plantago_tweedyi",0.000325732899022801,0,0.000162866449511401
"Poa_alopecurus",0.0260586319218241,0.0149837133550489,0.0205211726384365
"Poa_alpina",0.0618892508143322,0.0304560260586319,0.0461726384364821
"Poa_araratica",0.00390879478827362,0.00162866449511401,0.00276872964169381
"Poa_colensoi",0.0260586319218241,0.0125407166123779,0.019299674267101
"Poa_fuegiana",0.000325732899022801,0.000651465798045603,0.000488599348534202
"Poa_holciformis",0.0242671009771987,0.0140065146579805,0.0191368078175896
"Poa_ligulata",0.0299674267100977,0.0413680781758958,0.0356677524429967
"Poa_poiphagorum",0.00146579804560261,0.000162866449511401,0.000814332247557003
"Poa_pratensis",0.0177524429967427,0.0115635179153094,0.0146579804560261
"Poa_pusilla",0.00407166123778502,0.00309446254071661,0.00358306188925081
"Poa_sandbergii",0.00863192182410424,0.00667752442996743,0.00765472312703583
"Poa_secunda",0.000977198697068404,0.0011400651465798,0.0010586319218241
"Poa_sibirica",0.00130293159609121,0.0011400651465798,0.0012214983713355
"Poa_sp",0.000162866449511401,0.000162866449511401,0.000162866449511401
"Poa_sp1",0.0107491856677524,0.00276872964169381,0.00675895765472313
"Poa_sp2",0.000814332247557003,0.00146579804560261,0.0011400651465798
"Poa_sp4",0.00684039087947883,0.00700325732899023,0.00692182410423453
"PoaUnk_sp",0.0271986970684039,0.0317589576547231,0.0294788273615635
"PoaUnk2_sp",0.000325732899022801,0,0.000162866449511401
"PoaUnk3_sp",0.045928338762215,0.0247557003257329,0.0353420195439739
"PoaUnk4_sp",0.000325732899022801,0,0.000162866449511401
"Polemonium_boreale",0.00130293159609121,0.0011400651465798,0.0012214983713355
"Polemonium_pulcherrimum",0.00260586319218241,0.00162866449511401,0.00211726384364821
"Polemonium_sp",0.00488599348534202,0.00195439739413681,0.00342019543973941
"Polemonium_viscosum",0.00863192182410424,0.00293159609120521,0.00578175895765472
"Polygala_salasiana",0.0167752442996743,0.000651465798045603,0.00871335504885993
"Polygala_sp",0,0.000162866449511401,8.14332247557003e-05
"Polygonatum_sp",0.00211726384364821,0.00179153094462541,0.00195439739413681
"Polygonum_bistortioides",0.00846905537459283,0.00146579804560261,0.00496742671009772
"Polygonum_molliaeforme",0.000977198697068404,0.000814332247557003,0.000895765472312704
"Polygonum_sp",0.00390879478827362,0.00162866449511401,0.00276872964169381
"Polygonum_viviparum",0.0382736156351792,0.0174267100977199,0.0278501628664495
"Potentilla_arguta",0.000488599348534202,0.000325732899022801,0.000407166123778502
"Potentilla_concinna",0.000162866449511401,0,8.14332247557003e-05
"Potentilla_crantzii",0.000977198697068404,0.000325732899022801,0.000651465798045603
"Potentilla_diversifolia",0.0283387622149837,0.00830618892508143,0.0183224755700326
"Potentilla_gracilis",0.000651465798045603,0.000325732899022801,0.000488599348534202
"Potentilla_heptaphylla",0.00162866449511401,0.000977198697068404,0.00130293159609121
"Potentilla_microphylla",0.000325732899022801,0.000488599348534202,0.000407166123778502
"Potentilla_morefieldii",0.00407166123778502,0.00228013029315961,0.00317589576547231
"Potentilla_multifida",0.00651465798045603,0.00586319218241042,0.00618892508143322
"Potentilla_nivea",0.0100977198697068,0.00358306188925081,0.00684039087947883
"Potentilla_sericea",0.00765472312703583,0.00309446254071661,0.00537459283387622
"Potentilla_sp",0.0175895765472313,0.00586319218241042,0.0117263843648208
"Potentilla_sp1",0.000325732899022801,0.000651465798045603,0.000488599348534202
"Potentilla_sp2",0.000162866449511401,0.000977198697068404,0.000570032573289902
"Potentilla_tanacetifolia",0.000325732899022801,0,0.000162866449511401
"Potentilla_villosa",0.000325732899022801,0.000325732899022801,0.000325732899022801
"Pozoa_coriacea",0.000325732899022801,0.0104234527687296,0.00537459283387622
"Primula_integrifolia",0.00244299674267101,0.000325732899022801,0.00138436482084691
"Primula_sp",0.000651465798045603,0.000651465798045603,0.000651465798045603
"Pritzelago_alpina",0.00130293159609121,0.000488599348534202,0.000895765472312704
"Pritzelago_sp",0,0.000488599348534202,0.000244299674267101
"Prunus_sp",0.000162866449511401,0.000325732899022801,0.000244299674267101
"Pseudorchis_albida",0.000162866449511401,0,8.14332247557003e-05
"Quinchamalium_chilense",0.00667752442996743,0.00553745928338762,0.00610749185667752
"Ranunculus_acetosellifolius",0,0,0
"Ranunculus_alpestris",0.00244299674267101,0.00146579804560261,0.00195439739413681
"Ranunculus_breyninus",0.011400651465798,0.0104234527687296,0.0109120521172638
"Ranunculus_demissus",0.0011400651465798,0.000977198697068404,0.0010586319218241
"Ranunculus_guzmanii",0.00146579804560261,0.000325732899022801,0.000895765472312704
"Ranunculus_montanus",0.000162866449511401,0,8.14332247557003e-05
"Ranunculus_nivalis",0.000814332247557003,0.000162866449511401,0.000488599348534202
"Ranunculus_parnassifolius",0.00276872964169381,0.00374592833876221,0.00325732899022801
"Ranunculus_peruvianus",0.00162866449511401,0.00162866449511401,0.00162866449511401
"Ranunculus_pseudomontanus",0,0.000162866449511401,8.14332247557003e-05
"Ranunculus_sp",0.0011400651465798,0.000325732899022801,0.000732899022801303
"Ranunculus_sp1",0.000162866449511401,0,8.14332247557003e-05
"Ranunculus_sp2",0.00195439739413681,0.00130293159609121,0.00162866449511401
"RanUnk_sp",0.000162866449511401,0.00130293159609121,0.000732899022801303
"Raoulia_grandiflora",0.00553745928338762,0.00407166123778502,0.00480456026058632
"Raoulia_hectorii",0.00928338762214984,0.00293159609120521,0.00610749185667752
"Rhodiola_fastigiata",0.000488599348534202,0.000162866449511401,0.000325732899022801
"Rhodiola_juparensis",0.000977198697068404,0.000814332247557003,0.000895765472312704
"Rhodiola_rosea",0.00635179153094463,0.00846905537459283,0.00741042345276873
"Rhodophiala_uniflora",0.00537459283387622,0.00667752442996743,0.00602605863192182
"Ribes_cucullatum",0.000162866449511401,0.000651465798045603,0.000407166123778502
"RubUnk_sp",0.00553745928338762,0.000488599348534202,0.00301302931596091
"Rumex_acetosella",0.00146579804560261,0.00325732899022801,0.00236156351791531
"Rumex_angiocarpus",0.000651465798045603,0.00358306188925081,0.00211726384364821
"Rumex_sp",0.000651465798045603,0.000488599348534202,0.000570032573289902
"Rytidosperma_pictum",0.00179153094462541,0.000488599348534202,0.0011400651465798
"Rytidosperma_setifolium",0.0131921824104235,0.00928338762214984,0.0112377850162866
"Rytidosperma_violaceum",0.0112377850162866,0.00179153094462541,0.00651465798045603
"Salix_alpina",0.000162866449511401,0.000162866449511401,0.000162866449511401
"Salix_arctica",0.00260586319218241,0.00211726384364821,0.00236156351791531
"Salix_cascadensis",0.00439739413680782,0.00195439739413681,0.00317589576547231
"Salix_herbacea",0.00179153094462541,0.000651465798045603,0.0012214983713355
"Salix_polaris",0.00846905537459283,0.00765472312703583,0.00806188925081433
"Salix_restrata",0.00130293159609121,0.000651465798045603,0.000977198697068404
"Salix_reticulata",0.00146579804560261,0.00146579804560261,0.00146579804560261
"Salix_retusa",0.00342019543973941,0.000814332247557003,0.00211726384364821
"Salix_serpyllifolia",0.00374592833876221,0.000814332247557003,0.00228013029315961
"Salix_sp",0.0198697068403909,0.00765472312703583,0.0137622149837134
"Salix_sp1",0.000488599348534202,0,0.000244299674267101
"Salix_sp2",0.00260586319218241,0.00211726384364821,0.00236156351791531
"Sanicula_graveolens",0.000651465798045603,0.00407166123778502,0.00236156351791531
"Saponaria_caespitosa",0.000488599348534202,0.000325732899022801,0.000407166123778502
"Saussurea_alpina",0.000651465798045603,0.000488599348534202,0.000570032573289902
"Saussurea_gnaphalodes",0.0187296416938111,0.0182410423452769,0.018485342019544
"Saussurea_weberi",0.00439739413680782,0.00162866449511401,0.00301302931596091
"Saxifraga_aizoides",0.000651465798045603,0.00179153094462541,0.0012214983713355
"Saxifraga_ascendens",0.000814332247557003,0.000162866449511401,0.000488599348534202
"Saxifraga_brachypoda",0.00228013029315961,0.00309446254071661,0.00268729641693811
"Saxifraga_bronchialis",0.00553745928338762,0.00325732899022801,0.00439739413680782
"Saxifraga_caesia",0.000488599348534202,0.000488599348534202,0.000488599348534202
"Saxifraga_cernua",0.00130293159609121,0.00293159609120521,0.00211726384364821
"Saxifraga_exarata",0.000651465798045603,0,0.000325732899022801
"Saxifraga_lyallii",0.00146579804560261,0.000325732899022801,0.000895765472312704
"Saxifraga_moorcroftiana",0.0112377850162866,0.0117263843648208,0.0114820846905537
"Saxifraga_nelsoniana",0.000162866449511401,0.000488599348534202,0.000325732899022801
"Saxifraga_nivalis",0.00146579804560261,0,0.000732899022801303
"Saxifraga_occidentalis",0.00293159609120521,0.000325732899022801,0.00162866449511401
"Saxifraga_oppositifolia",0.0125407166123779,0.0123778501628664,0.0124592833876221
"Saxifraga_paniculata",0.00228013029315961,0.00700325732899023,0.00464169381107492
"Saxifraga_rhomboidea",0.000325732899022801,0.000162866449511401,0.000244299674267101
"Saxifraga_serpyllifolia",0.00130293159609121,0.000814332247557003,0.0010586319218241
"Saxifraga_sp",0.000814332247557003,0.00162866449511401,0.0012214983713355
"Saxifraga_sp1",0.000488599348534202,0,0.000244299674267101
"Saxifraga_sp2",0.000651465798045603,0,0.000325732899022801
"Saxifraga_sp3",0.000162866449511401,0,8.14332247557003e-05
"Saxifraga_sp4",0.00195439739413681,0.000814332247557003,0.00138436482084691
"Saxifraga_sp5",0.00179153094462541,0.00586319218241042,0.00382736156351792
"Saxifraga_sp6",0.000651465798045603,0.000651465798045603,0.000651465798045603
"Saxifraga_sp7",0.00456026058631922,0.00293159609120521,0.00374592833876221
"Saxifraga_sp8",0,0.000162866449511401,8.14332247557003e-05
"Saxifraga_sp9",0.000162866449511401,0,8.14332247557003e-05
"Saxifraga_tenuis",0.000162866449511401,0.0011400651465798,0.000651465798045603
"Saxifraga_tricuspidata",0.000325732899022801,0.000651465798045603,0.000488599348534202
"Scabiosa_lucida",0.000488599348534202,0.000814332247557003,0.000651465798045603
"Schizeilema_sp",0.000162866449511401,0.000162866449511401,0.000162866449511401
"Schizeilema_trifoliatum",0.00130293159609121,0.000488599348534202,0.000895765472312704
"Scilla_sp",0.000814332247557003,0.0011400651465798,0.000977198697068404
"Scorzonera_meyeri",0.000162866449511401,0,8.14332247557003e-05
"ScrophUnk_sp",0.00488599348534202,0.00244299674267101,0.00366449511400651
"Sedum_amplexicaule",0.00993485342019544,0.0127035830618893,0.0113192182410423
"Sedum_atratum",0.000162866449511401,0.000488599348534202,0.000325732899022801
"Sedum_brevifolium",0.00602605863192182,0.00944625407166124,0.00773615635179153
"Sedum_candollei",0.00521172638436482,0.00635179153094463,0.00578175895765472
"Sedum_debile",0.000977198697068404,0.00260586319218241,0.00179153094462541
"Sedum_lanceolatum",0.0133550488599349,0.00846905537459283,0.0109120521172638
"Sedum_roseum",0.00504885993485342,0.00260586319218241,0.00382736156351792
"Sedum_sp",0.00195439739413681,0.00228013029315961,0.00211726384364821
"Sedum_sp1",0,0.000651465798045603,0.000325732899022801
"Sedum_sp2",0.00521172638436482,0.00195439739413681,0.00358306188925081
"Senecio_amplectum",0.000325732899022801,0,0.000162866449511401
"Senecio_boissieri",0.000488599348534202,0.00146579804560261,0.000977198697068404
"Senecio_bustillosianus",0.00309446254071661,0.00179153094462541,0.00244299674267101
"Senecio_canescens",0,0.000162866449511401,8.14332247557003e-05
"Senecio_canus",0.0167752442996743,0.00423452768729642,0.0105048859934853
"Senecio_franciscanus",0.00358306188925081,0.00358306188925081,0.00358306188925081
"Senecio_fremontii",0.000162866449511401,0,8.14332247557003e-05
"Senecio_looseri",0.00407166123778502,0.00211726384364821,0.00309446254071661
"Senecio_magellanicus",0.00162866449511401,0.00162866449511401,0.00162866449511401
"Senecio_nivalis",0.00162866449511401,0.00228013029315961,0.00195439739413681
"Senecio_pachyphyllos",0.00325732899022801,0,0.00162866449511401
"Senecio_polygaloides",0.0146579804560261,0.00814332247557003,0.011400651465798
"Senecio_portalesianus",0.0214983713355049,0,0.0107491856677524
"Senecio_puchii",0.00179153094462541,0.000651465798045603,0.0012214983713355
"Senecio_sp",0.0127035830618893,0.00504885993485342,0.00887622149837134
"Senecio_sp3",0.00684039087947883,0.000977198697068404,0.00390879478827362
"Senecio_sp4",0.000162866449511401,0.000162866449511401,0.000162866449511401
"Senecio_sp5",0.000977198697068404,0.000325732899022801,0.000651465798045603
"Senecio_triangularis",0,0.000162866449511401,8.14332247557003e-05
"Sesleria_caerulea",0.0110749185667752,0.00472312703583062,0.00789902280130293
"Sesleria_sp",0.0185667752442997,0.0136807817589577,0.0161237785016287
"Sesleria_tatrae",0.00325732899022801,0.00684039087947883,0.00504885993485342
"Sibbaldia_sp",0.00700325732899023,0.00846905537459283,0.00773615635179153
"Sideritis_glacialis",0.00179153094462541,0.00179153094462541,0.00179153094462541
"Silene_acaulis",0.00211726384364821,0.000162866449511401,0.0011400651465798
"Silene_boryi",0,0.000325732899022801,0.000162866449511401
"Silene_ciliata",0.00521172638436482,0.0011400651465798,0.00317589576547231
"Silene_douglasii",0.000325732899022801,0,0.000162866449511401
"Silene_gonosperma",0.00570032573289902,0.00211726384364821,0.00390879478827362
"Silene_scouleri",0.000325732899022801,0.000325732899022801,0.000325732899022801
"Silene_sp",0.00342019543973941,0.00228013029315961,0.00285016286644951
"Sisymbrium_altissimum",0,0.000162866449511401,8.14332247557003e-05
"Sisyrinchium_arenarium",0.000325732899022801,0,0.000162866449511401
"Sisyrinchium_patagonicum",0.00521172638436482,0.00146579804560261,0.00333876221498371
"Smelowskia_calycina",0.0460912052117264,0.0153094462540717,0.030700325732899
"Soldanella_alpina",0.000162866449511401,0,8.14332247557003e-05
"Solidago_multiradiata",0.0127035830618893,0.00618892508143322,0.00944625407166124
"Solidago_sp",0.000162866449511401,0,8.14332247557003e-05
"Solidago_sp1",0.0144951140065147,0.0117263843648208,0.0131107491856678
"Soroseris_erysimoides",0.00456026058631922,0.00309446254071661,0.00382736156351792
"Spergularia_rubra",0.000325732899022801,0.000162866449511401,0.000244299674267101
"Stellaria_americana",0.00423452768729642,0.00260586319218241,0.00342019543973941
"Stellaria_borealis",0.0011400651465798,0.000162866449511401,0.000651465798045603
"Stellaria_patens",0.000488599348534202,0,0.000244299674267101
"Stellaria_sp",0.000162866449511401,0,8.14332247557003e-05
"Stenanthium_occidentale",0.000162866449511401,0,8.14332247557003e-05
"Swertia_ciliata",0.00179153094462541,0.00130293159609121,0.00154723127035831
"Synthris_pinnatifia",0.000488599348534202,0,0.000244299674267101
"Tarasa_humilis",0.000488599348534202,0.000488599348534202,0.000488599348534202
"Taraxacum_alpinum",0.000162866449511401,0.000162866449511401,0.000162866449511401
"Taraxacum_mongolicum",0.000162866449511401,0,8.14332247557003e-05
"Taraxacum_officinale",0.043485342019544,0.0144951140065147,0.0289902280130293
"Taraxacum_sp",0.00260586319218241,0.000977198697068404,0.00179153094462541
"Taraxacum_sp1",0.0011400651465798,0.000325732899022801,0.000732899022801303
"Taraxacum_sp2",0.000325732899022801,0.000488599348534202,0.000407166123778502
"Taraxacum_vulgare",0.0011400651465798,0.000162866449511401,0.000651465798045603
"Teucrium_sp",0.000488599348534202,0.000488599348534202,0.000488599348534202
"Thalictrum_alpinum",0.00276872964169381,0.00179153094462541,0.00228013029315961
"Thalictrum_fendleri",0.000325732899022801,0,0.000162866449511401
"Themeda_trianda",0.00635179153094463,0.00228013029315961,0.00431596091205212
"Thlaspi_magellanicum",0.0311074918566775,0.00244299674267101,0.0167752442996743
"Thlaspi_montanum",0.00667752442996743,0.000977198697068404,0.00382736156351792
"Thlaspi_sp",0.000488599348534202,0.000162866449511401,0.000325732899022801
"Thlaspi_sp1",0.0011400651465798,0.00325732899022801,0.00219869706840391
"Thlaspi_sp2",0.00162866449511401,0.000488599348534202,0.0010586319218241
"Thymus_alpestris",0.00846905537459283,0.0128664495114007,0.0106677524429967
"Thymus_pulegioides",0.00342019543973941,0.00439739413680782,0.00390879478827362
"Thymus_serpylloides",0.00390879478827362,0.00211726384364821,0.00301302931596091
"Tiarella_trifoliata",0.00130293159609121,0.000325732899022801,0.000814332247557003
"Tofieldia_accidentalis",0.00162866449511401,0.000162866449511401,0.000895765472312704
"Tofieldia_glutinosa",0.00553745928338762,0.000651465798045603,0.00309446254071661
"Tofieldia_pusilla",0.000488599348534202,0.000325732899022801,0.000407166123778502
"Trachydium_depressum",0.00162866449511401,0.000162866449511401,0.000895765472312704
"Trifolium_andersonii",0.0115635179153094,0.0115635179153094,0.0115635179153094
"Trifolium_dubium",0.00260586319218241,0.000977198697068404,0.00179153094462541
"Trifolium_nanum",0.00260586319218241,0.00130293159609121,0.00195439739413681
"Trifolium_parryi",0.000162866449511401,0,8.14332247557003e-05
"Trifolium_repens",0.000814332247557003,0.000162866449511401,0.000488599348534202
"Trisetum_alpestre",0.000162866449511401,0,8.14332247557003e-05
"Trisetum_barbinode",0.00618892508143322,0,0.00309446254071661
"Trisetum_flavescens",0,0.000162866449511401,8.14332247557003e-05
"Trisetum_glaciale",0.00293159609120521,0.0011400651465798,0.00203583061889251
"Trisetum_oreophilum",0.00211726384364821,0.000651465798045603,0.00138436482084691
"Trisetum_preslei",0.0307817589576547,0.00504885993485342,0.0179153094462541
"Trisetum_sp",0.0107491856677524,0.00260586319218241,0.00667752442996743
"Trisetum_sp1",0.00602605863192182,0.000162866449511401,0.00309446254071661
"Trisetum_spicatum",0.0159609120521173,0.00879478827361563,0.0123778501628664
"Tristagma_nivale",0.00456026058631922,0.00179153094462541,0.00317589576547231
"Tropaeolum_polyphyllum",0,0.00146579804560261,0.000732899022801303
"Tulipa_sp",0.000977198697068404,0.000488599348534202,0.000732899022801303
"Vaccaria_segetalis",0.000162866449511401,0,8.14332247557003e-05
"Vaccinium_gaultherioides",0.000325732899022801,0,0.000162866449511401
"Vaccinium_uliginosum",0.000488599348534202,0.000162866449511401,0.000325732899022801
"Valeriana_alypifolia",0,0.000162866449511401,8.14332247557003e-05
"Valeriana_aretioides",0.000488599348534202,0.000814332247557003,0.000651465798045603
"Valeriana_rigida",0.00390879478827362,0.00618892508143322,0.00504885993485342
"Veronica_alpina",0.000977198697068404,0.000162866449511401,0.000570032573289902
"Veronica_aphylla",0.00586319218241042,0.000325732899022801,0.00309446254071661
"Veronica_ciliata",0.00635179153094463,0.00374592833876221,0.00504885993485342
"Veronica_himalaica",0.00228013029315961,0.00130293159609121,0.00179153094462541
"Veronica_kurdica",0.000162866449511401,0,8.14332247557003e-05
"Veronica_sp",0.00162866449511401,0.000651465798045603,0.0011400651465798
"Veronica_sp1",0.000977198697068404,0.00374592833876221,0.00236156351791531
"Veronica_verna",0.00228013029315961,0.00293159609120521,0.00260586319218241
"Vicia_bijuga",0.00228013029315961,0.00130293159609121,0.00179153094462541
"Vicia_magellanica",0.000488599348534202,0.000977198697068404,0.000732899022801303
"Viola_atropurpurea",0.000162866449511401,0.00635179153094463,0.00325732899022801
"Viola_bangii",0.00504885993485342,0.0123778501628664,0.00871335504885993
"Viola_biflora",0.00179153094462541,0.000651465798045603,0.0012214983713355
"Viola_calcarata",0.00798045602605863,0.00390879478827362,0.00594462540716612
"Viola_cotyledon",0.00879478827361563,0.0177524429967427,0.0132736156351792
"Viola_crassiuscula",0.000651465798045603,0.000325732899022801,0.000488599348534202
"Viola_cunninghamii",0.000325732899022801,0.000325732899022801,0.000325732899022801
"Viola_montagnei",0,0.00488599348534202,0.00244299674267101
"Viola_philippii",0.00130293159609121,0.0149837133550489,0.00814332247557003
"Viola_sp",0.000162866449511401,0,8.14332247557003e-05
"Viola_sp1",0.000325732899022801,0.000814332247557003,0.000570032573289902
"Viola_subandina",0,0.000162866449511401,8.14332247557003e-05
"Wahlenbergia_albomarginata",0.00830618892508143,0.00228013029315961,0.00529315960912052
"Werneria_glaberrima",0.00162866449511401,0,0.000814332247557003
"Werneria_nubigena",0.0130293159609121,0.0148208469055375,0.0139250814332248
"Werneria_pumila",0.00130293159609121,0.00228013029315961,0.00179153094462541
"Werneria_pygmaea",0.00179153094462541,0.00749185667752443,0.00464169381107492
"Ziziphora_clinopodioides",0.000977198697068404,0.0011400651465798,0.0010586319218241
