"","s.cushion","s.open","index","stat","p.value"
"Abrotanella_inconspicua",1,0,1,0.0477507098707402,0.001
"Abrotanella_sp",1,0,1,0.0598586826554913,0.001
"Acaena_antarctica",1,0,1,0.0297777993852591,0.203
"Acaena_diminuta",1,1,3,0.0201783578067815,NA
"Acaena_leptacantha",1,1,3,0.0468902662436876,NA
"Acaena_macrocephala",1,0,1,0.103678279633453,0.001
"Acaena_magellanica",1,1,3,0.0494266804739203,NA
"Acaena_pinnatifida",1,0,1,0.0867048078358899,0.001
"Acaena_sp",1,0,1,0.0657235130412678,0.001
"Acaena_sp1",0,1,2,0.0127619140222539,1
"Acaena_splendens",1,0,1,0.0468902662436876,0.006
"Acantholimon_brachystachyum",1,0,1,0.0793748072159713,0.001
"Acantholimon_sp",1,1,3,0.0221042834883694,NA
"Achillea_atrata",1,0,1,0.0127619140222539,1
"Achillea_millefolium",1,0,1,0.124980249663633,0.001
"Achillea_sp",0,1,2,0.0180480718921108,0.506
"Achillea_sp1",0,1,2,0.0127619140222539,1
"Aciphylla_monroi",1,0,1,0.0500563451002046,0.001
"Aciphylla_sp",1,0,1,0.0403567156135631,0.002
"Aciphyllum_congestum",1,0,1,0.039109185563131,0.048
"Aconitum_delphinifolium",1,0,1,0.0441221376331197,0.019
"Acronema_sp",1,0,1,0.0423264804185915,0.004
"Adesmia_echinus",1,0,1,0.0556278935491594,0.001
"Adesmia_lotoides",1,0,1,0.0402378443226148,0.048
"Adesmia_parviflora",1,0,1,0.0312601774957917,0.046
"Adesmia_pumila",1,0,1,0.0424742172741224,0.005
"Adesmia_salicornioides",0,1,2,0.0127619140222539,1
"Adesmia_sp",1,1,3,0.0631682516223879,NA
"Adesmia_sp1",1,1,3,0.0663128504651083,NA
"Adesmia_sp2",1,1,3,0.0548910677247302,NA
"Adesmia_sp3",0,1,2,0.0666304642927417,0.001
"Adesmia_sp4",0,1,2,0.0368404724806157,0.039
"Adesmia_sp5",1,1,3,0.0156300887478959,NA
"Adesmia_subterranea",1,0,1,0.107533798943911,0.001
"Agoseris_aurantiaca",1,0,1,0.0856008739670721,0.001
"Agoseris_glauca",1,0,1,0.0434396636790144,0.025
"Agoseris_villosa",1,0,1,0.0127619140222539,1
"Agropyron_scribneri",1,0,1,0.0941873913715961,0.001
"Agropyron_spicatum",1,0,1,0.0600801860591461,0.002
"Agrostis_alpina",1,0,1,0.0775422045807162,0.001
"Agrostis_borealis",1,1,3,0.0625203549915835,NA
"Agrostis_castellana",1,1,3,0.0681299773306503,NA
"Agrostis_foliata",0,1,2,0.0776276924294534,0.001
"Agrostis_muelleriana",1,1,3,0.0727541037270099,NA
"Agrostis_nevadensis",1,1,3,0.0933453536543728,NA
"Agrostis_rupestris",1,0,1,0.0127619140222539,1
"Agrostis_scabra",1,0,1,0.0778259031650196,0.001
"Agrostis_serranoi",1,0,1,0.0336284265587473,0.025
"Agrostis_sp",1,1,3,0.0510476560890156,NA
"Agrostis_sp1",1,0,1,0.0214023804575756,0.366
"Agrostis_sp2",1,1,3,0.0255238280445078,NA
"Agrostis_sp3",1,0,1,0.0886625496276006,0.001
"Agrostis_sp4",1,0,1,0.0735766055957473,0.001
"Agrostis_sp5",1,1,3,0.0312601774957917,NA
"Agrostis_truncatula",1,1,3,0.0906904388583809,NA
"Ajuga_sp",1,0,1,0.0180480718921108,0.496
"Alchemilla_alpina",1,1,3,0.0127619140222539,NA
"Alchemilla_decumbens",1,0,1,0.0127619140222539,1
"Alchemilla_sp",1,0,1,0.0293246458362279,0.122
"Alchemilla_sp1",1,0,1,0.0312601774957917,0.023
"Allium_tuchalense",1,1,3,0.0270721078381663,NA
"Alopecurus_textilis",1,1,3,0.0299293413277456,NA
"Alyssum_nevadense",0,1,2,0.0255238280445078,0.132
"Alyssum_sp",1,0,1,0.0690081388530886,0.003
"Anaphalis_contorta",1,1,3,0.0929081364795583,NA
"Anarthrophyllum_gayanum",0,1,2,0.0221042834883694,0.266
"Androsace_chamaejasme",1,1,3,0.133238294032694,NA
"Androsace_sermentosa",1,1,3,0.083197500588867,NA
"Androsace_sp1",1,0,1,0.0435902348884817,0.025
"Androsace_tapete",0,1,2,0.0664315844016637,0.002
"Anemone_drummondii",1,0,1,0.0656482811491675,0.001
"Anemone_multifida",1,0,1,0.115564046571305,0.001
"Anemone_occidentalis",1,1,3,0.0577820232856527,NA
"Anemone_parviflora",1,1,3,0.0156300887478959,NA
"Anemone_sp",1,1,3,0.0669240417306331,NA
"Anisotome_aromatica",1,0,1,0.0567869324785706,0.001
"Anisotome_capillifolia",1,1,3,0.0127619140222539,NA
"Anisotome_flexuosa",0,1,2,0.0255238280445078,0.126
"Anisotome_haastii",1,0,1,0.0423264804185915,0.002
"Anisotome_imbricata",1,0,1,0.0705807708207996,0.003
"Antennaria_alpina",1,1,3,0.106008419553763,NA
"Antennaria_carpatica",1,0,1,0.0180480718921108,0.476
"Antennaria_dimorpha",1,0,1,0.0127619140222539,1
"Antennaria_lanata",1,0,1,0.116393846019348,0.001
"Antennaria_sp",1,1,3,0.0238753549353701,NA
"Anthyllis_sp",1,1,3,0.131391946664202,NA
"Anthyllis_sp1",1,1,3,0.0270721078381663,NA
"Anthyllis_vulneraria",1,1,3,0.0533869166224227,NA
"ApiUnk_sp",1,0,1,0.0477507098707402,0.001
"ApiUnk2_sp",1,1,3,0.119376774676851,NA
"Aquilegia_caerulea",1,0,1,0.0180480718921108,0.506
"Arabis_alpina",1,1,3,0.0556278935491594,NA
"Arabis_bellidifolia",1,0,1,0.0221042834883694,0.249
"Arabis_glabra",1,0,1,0.0987274257562362,0.001
"Arabis_hirsuta",1,1,3,0.0337648507560718,NA
"Arabis_holboellii",1,0,1,0.0156300887478959,1
"Arabis_lemonii",1,0,1,0.0180480718921108,0.484
"Arabis_lyallii",1,0,1,0.0180480718921108,0.515
"Arabis_nuttalii",1,0,1,0.0180480718921108,0.498
"Arabis_sp",1,0,1,0.0232999606230998,0.316
"Arctostaphylos_uvaursi",0,1,2,0.0127619140222539,1
"Arenaria_aculeata",1,1,3,0.0156300887478959,NA
"Arenaria_capillaris",1,1,3,0.0255238280445078,NA
"Arenaria_ciliata",1,1,3,0.0996737348562571,NA
"Arenaria_congesta",1,0,1,0.0609694670128389,0.008
"Arenaria_insignis",1,1,3,0.0618656735477592,NA
"Arenaria_obtusifolia",1,1,3,0.102095312178031,NA
"Arenaria_rossii",1,0,1,0.0387630538096983,0.115
"Arenaria_serpens",1,1,3,0.0442085669767389,NA
"Arenaria_sp",1,1,3,0.0510476560890156,NA
"Arenaria_sp1",0,1,2,0.0386386135084388,0.013
"Arenaria_sp2",1,1,3,0.0721922875684434,NA
"Arenaria_tetraquetra_amabilis",1,1,3,0.0605350734203446,NA
"Arisaema_jaqmontii",1,1,3,0.0156300887478959,NA
"Arjona_patagonica",1,1,3,0.0238753549353701,NA
"Armeria_caespitosa",1,1,3,0.0612039895657319,NA
"Armeria_maritima",1,0,1,0.116964874038994,0.001
"Arnica_alpina",1,0,1,0.0403567156135631,0.009
"Arnica_diversifolia",1,0,1,0.071317197197218,0.001
"Arnica_sp",1,1,3,0.121405987005509,NA
"Artemisia_eriantha",1,1,3,0.0180480718921108,NA
"Artemisia_frigida",1,0,1,0.0337648507560718,0.014
"Artemisia_gmelinii",1,1,3,0.0255238280445078,NA
"Artemisia_ludoviciana",1,0,1,0.0180480718921108,0.496
"Artemisia_michauxiana",1,0,1,0.0585804140307566,0.001
"Artemisia_scopulorum",1,1,3,0.106008419553763,NA
"Asperula_aristata",1,0,1,0.0127619140222539,1
"Asperula_glomerata",1,1,3,0.0533869166224227,NA
"Asperula_sp",0,1,2,0.0500813670188382,0.029
"Aster_alpigenus",1,0,1,0.020464589944603,0.494
"Aster_alpinus",1,1,3,0.100081400094878,NA
"Aster_himailacus",1,0,1,0.0378579549857137,0.062
"Astragalus_alpinus",1,0,1,0.045839901228913,0.01
"Astragalus_bourgovii",1,0,1,0.0180480718921108,0.499
"Astragalus_capito",0,1,2,0.0242513679090033,0.329
"Astragalus_frigidus",0,1,2,0.0201783578067815,0.529
"Astragalus_kentrophyta",1,0,1,0.101091733972029,0.001
"Astragalus_nivicola",1,1,3,0.0372070533749571,NA
"Astragalus_polycladus",1,0,1,0.0221042834883694,0.255
"Astragalus_purshii",1,0,1,0.0809009191248705,0.001
"Astragalus_sp",0,1,2,0.0127619140222539,1
"Astragalus_sp1",1,0,1,0.0255238280445078,0.115
"Astragalus_suleatus",1,0,1,0.0366558072952848,0.024
"Astragalus_tanguticus",1,1,3,0.0510476560890156,NA
"AstUnk_sp",1,0,1,0.0180480718921108,0.496
"AstUnk1_sp",1,1,3,0.0644445068453527,NA
"AstUnk2_sp",1,0,1,0.0127619140222539,1
"AstUnk3_sp",1,1,3,0.0201783578067815,NA
"Avena_fatua",1,0,1,0.0703265382128203,0.001
"Azorella_coespitosa",0,1,2,0.0510476560890156,0.008
"Azorella_fuegiana",1,1,3,0.0460137353802993,NA
"Azorella_licopodioidis",1,0,1,0.0588028911279988,0.001
"Azorella_madreporica",1,0,1,0.0285365072767675,0.061
"Azorella_madreporica.1",NA,NA,NA,NA,NA
"Azorella_monantha",1,0,1,0.0180480718921108,0.482
"Azorella_pedunculata",1,0,1,0.0856677398049536,0.001
"Azorella_trifurcata",1,1,3,0.0494266804739203,NA
"Baccharis_caespitosa",0,1,2,0.153038545546369,0.001
"Barbarea_orthoceras",1,1,3,0.102889840209036,NA
"Barneoudia_major",1,1,3,0.083197500588867,NA
"Bartsia_alpina",1,0,1,0.0334185354397125,0.081
"Bartsia_stricta",1,1,3,0.0841706038575578,NA
"Bellis_sp",1,0,1,0.0127619140222539,1
"Berberis_buxifolia",1,1,3,0.032536624315133,NA
"Berberis_empetrifolia",1,0,1,0.0614960076562269,0.001
"Besseya_alpina",1,0,1,0.0611385190643052,0.001
"Besseya_wyomingensis",1,0,1,0.0846216716249379,0.001
"Biscutella_glacialis",1,1,3,0.0299293413277456,NA
"Bistorta_vivipara",1,1,3,0.120056989724709,NA
"Brachyglottis_bellidioides",1,0,1,0.0949558127908246,0.001
"Brachyscome_sinclairii",1,0,1,0.0380747997338372,0.011
"BrasUnk_sp",1,0,1,0.140619411392773,0.001
"BrasUnk2_sp",1,0,1,0.0221042834883694,0.24
"BrasUnk3_sp",1,1,3,0.0127619140222539,NA
"Bromus_carinatus",1,0,1,0.0180480718921108,0.474
"Bromus_catharticus",1,0,1,0.034243808732121,0.091
"Bromus_commutatus",1,1,3,0.0771013969209775,NA
"Bromus_lanatus",1,1,3,0.0605350734203446,NA
"Bromus_setifolius",1,0,1,0.155918100030101,0.001
"Bromus_sp",1,1,3,0.113070846316126,NA
"Bromus_sp1",1,0,1,0.0180480718921108,0.483
"Bromus_tectorum",1,1,3,0.0577820232856527,NA
"Bromus_tomentosus",1,1,3,0.0612039895657319,NA
"Bupleurum_americanum",1,0,1,0.101254058741805,0.001
"Calamagrostis_curvula",1,1,3,0.0403567156135631,NA
"Calamagrostis_lapponica",1,1,3,0.0468902662436876,NA
"Calamagrostis_pseudophragmites",1,1,3,0.107154489829189,NA
"Calamagrostis_sp",1,0,1,0.0477507098707402,0.007
"Calandrinia_affinis",1,1,3,0.0468902662436876,NA
"Calandrinia_caespitosa",1,1,3,0.068725010264318,NA
"Calandrinia_gayana",NA,NA,NA,NA,NA
"Calandrinia_sp",1,1,3,0.0870246511184051,NA
"Calceolarea_sp",1,0,1,0.0406855670806051,0.04
"Calceolaria_uniflora",1,1,3,0.0591745609573499,NA
"Campanula_alpina",1,0,1,0.0127619140222539,1
"Campanula_cochleariifolia",1,1,3,0.079698127524708,NA
"Campanula_rotundifolia",1,1,3,0.0127619140222539,NA
"Campanula_ruprechtii",1,1,3,0.0502437057493445,NA
"Campanula_scheuchzeri",1,0,1,0.102442175699262,0.001
"Campanula_sp",1,1,3,0.0760378784399902,NA
"Campanula_tatrae",1,1,3,0.0372070533749571,NA
"Capsella_bursa_pastoris",1,1,3,0.0360961437842217,NA
"Cardamine_bellidifolia",0,1,2,0.0127619140222539,1
"Cardamine_bilobata",1,0,1,0.0127619140222539,1
"Carex_aphylla",1,0,1,0.0312601774957917,0.037
"Carex_atrata",0,1,2,0.0382857420667617,0.007
"Carex_bigelowii",1,0,1,0.036214686447442,0.03
"Carex_caduca",1,0,1,0.0382857420667617,0.003
"Carex_capillaris",1,0,1,0.0354128742301128,0.103
"Carex_curvula",1,0,1,0.0425806957998765,0.005
"Carex_ericetorum",1,0,1,0.0413064153281581,0.004
"Carex_firma",1,1,3,0.106773833244845,NA
"Carex_fuliginosa",0,1,2,0.0307828948498847,0.124
"Carex_geyeri",1,0,1,0.159048361020435,0.001
"Carex_lachenalii",1,1,3,0.0238753549353701,NA
"Carex_nardina",1,1,3,0.0618656735477592,NA
"Carex_parryana",1,0,1,0.0255238280445078,0.12
"Carex_parviflora",1,0,1,0.0628202145296041,0.001
"Carex_phaeocephala",1,1,3,0.118004582255202,NA
"Carex_podocarpa",1,1,3,0.0656959733321009,NA
"Carex_rupestris",1,0,1,0.0163250952696794,0.738
"Carex_sempervirens",1,1,3,0.0502437057493445,NA
"Carex_sp",1,0,1,0.0672275536810716,0.005
"Carex_sp1",1,1,3,0.0460137353802993,NA
"Carex_sp10",1,1,3,0.0765714841335234,NA
"Carex_sp11",1,1,3,0.0360961437842217,NA
"Carex_sp13",1,0,1,0.0394924459573463,0.006
"Carex_sp14",1,1,3,0.0372070533749571,NA
"Carex_sp15",1,1,3,0.0556278935491594,NA
"Carex_sp2",1,0,1,0.0221042834883694,0.215
"Carex_sp3",1,0,1,0.0303794318670479,0.063
"Carex_sp4",0,1,2,0.0127619140222539,1
"Carex_sp5",1,1,3,0.0238753549353701,NA
"Carex_sp6",1,1,3,0.052618719498804,NA
"Carex_sp7",1,0,1,0.0936510744527201,0.001
"Carex_sp8",1,1,3,0.155255384858907,NA
"Carex_sp9",1,1,3,0.032536624315133,NA
"Carex_stenophylloides",1,0,1,0.0127619140222539,1
"Carex_tristicha",0,1,2,0.101797181016921,0.001
"CaryUnk_sp",0,1,2,0.0236304730267437,0.405
"CaryUnk2_sp",1,1,3,0.0238753549353701,NA
"CaryUnk3_sp",1,1,3,0.0541442156763325,NA
"CaryUnk4_sp",1,1,3,0.0285365072767675,NA
"CaryUnk5_sp",1,1,3,0.032536624315133,NA
"Cassiope_hypnoides",1,0,1,0.0256753060986706,0.216
"Castilleja_miniata",1,1,3,0.0337648507560718,NA
"Castilleja_nubigena",1,1,3,0.0631682516223879,NA
"Castilleja_pallescens",1,1,3,0.0255238280445078,NA
"Catabrosella_parviflora",1,1,3,0.0127619140222539,NA
"Celmisia_bondplanii",1,0,1,0.0127619140222539,1
"Celmisia_glandulosa",1,1,3,0.0127619140222539,NA
"Celmisia_laricifolia",1,0,1,0.100595404449251,0.001
"Celmisia_lyallii",1,1,3,0.0127619140222539,NA
"Celmisia_sessiliflora",1,0,1,0.0353027250543234,0.013
"Celmisia_spectabilis",1,1,3,0.0494266804739203,NA
"Celmisia_viscosa",1,0,1,0.0482902830410629,0.001
"Centaurea_maculosa",1,0,1,0.0156300887478959,1
"Centaurea_sp",1,1,3,0.0644445068453527,NA
"Cerastium_alpinum",1,1,3,0.0577820232856527,NA
"Cerastium_arvense",1,0,1,0.213733177889367,0.001
"Cerastium_beeringianum",1,0,1,0.0733242360272803,0.001
"Cerastium_floccosum",1,1,3,0.071055330094606,NA
"Cerastium_imbricatum",1,1,3,0.039334860751734,NA
"Cerastium_lanatum",1,1,3,0.0733116145905696,NA
"Cerastium_latifolium",1,1,3,0.0681299773306503,NA
"Cerastium_nutans",1,0,1,0.031584125811194,0.084
"Cerastium_sp",1,1,3,0.0644445068453527,NA
"Cerastium_sp1",1,1,3,0.080207385917385,NA
"Cerastium_sp2",1,0,1,0.0180480718921108,1
"Cerastium_sp3",0,1,2,0.0127619140222539,1
"Cerastium_trianae",1,0,1,0.057251089914664,0.001
"Cerastrium_vulgare",1,1,3,0.0221042834883694,NA
"Chaenorhinum_glareosum",1,1,3,0.0270721078381663,NA
"Chaetanthera_apiculata",0,1,2,0.0312601774957917,0.035
"Chaetanthera_euphrasioides",0,1,2,0.105531432189452,0.001
"Chaetanthera_lycopodioides",0,1,2,0.129519281574885,0.001
"Chaetanthera_pentacaenoides",1,1,3,0.172875659030825,NA
"Chaetanthera_planiseta",0,1,2,0.104460768316454,0.001
"Chaetanthera_pusilla",0,1,2,0.0946448874642843,0.001
"Chamorchis_alpina",1,1,3,0.0270721078381663,NA
"Chionochloa_sp",1,0,1,0.0907072733922372,0.001
"Chionohebe_ciliata",1,1,3,0.0791855940571827,NA
"Chionohebe_thomsonii",1,1,3,0.0312601774957917,NA
"Chrysopsis_villosa",1,1,3,0.0485959207950144,NA
"Chrysosplenium_tetrandum",1,0,1,0.0127619140222539,1
"Chuquiraga_avellanae",0,1,2,0.0442085669767389,0.001
"Chuquiraga_jussieui",1,0,1,0.0299837089317338,0.104
"Chuquiraga_oppositifolia",1,0,1,0.0538089541514174,0.002
"Cirsium_etonii",1,1,3,0.0442085669767389,NA
"Cirsium_scariosum",1,1,3,0.0127619140222539,NA
"Cirsium_sp",1,1,3,0.0744141067499142,NA
"Cirsium_sp2",1,1,3,0.0349499409346497,NA
"Cirsium_spinosissimum",1,0,1,0.0180480718921108,0.51
"Cirsium_tweedyi",1,0,1,0.0127619140222539,1
"Claytonia_megarhiza",1,0,1,0.0331564252325542,0.214
"Colobanthus_aciculatus",0,1,2,0.0718153017668311,0.001
"Colobanthus_buchannii",0,1,2,0.0863319778608667,0.001
"Colobanthus_lycopodioides",1,0,1,0.0127619140222539,1
"Colobanthus_subulatus",1,0,1,0.0289413006480616,0.113
"Comastoma_pulmonarium",1,1,3,0.0238753549353701,NA
"Comastoma_tenellum",0,1,2,0.0357016385643037,0.111
"Cortia_depressa",1,1,3,0.0127619140222539,NA
"Corydalis_pauciflora",0,1,2,0.0127619140222539,1
"Crepis_heterotricha",1,1,3,0.0238753549353701,NA
"Crepis_jacquinii",1,1,3,0.0817161209919281,NA
"Crepis_sp",1,0,1,0.0180480718921108,0.489
"Crepis_sp1",1,0,1,0.020464589944603,0.653
"Crepis_terglouensis",1,1,3,0.032536624315133,NA
"Crocus_sp",1,1,3,0.0360961437842217,NA
"Cryptantha_celosioides",1,0,1,0.0534544522808255,0.011
"Cryptantha_nubigena",1,1,3,0.0656959733321009,NA
"Cuscuta_chilensis",1,0,1,0.0180480718921108,0.485
"Cyananthus_himalaicus",1,1,3,0.0738649176445214,NA
"Cyananthus_microphyllus",1,1,3,0.0312601774957917,NA
"Cymopterus_glaucus",1,1,3,0.039334860751734,NA
"Cyperus_reflexus",0,1,2,0.0127619140222539,1
"Cyperus_sp",1,1,3,0.109410621235271,NA
"Cytisus_galianoi",1,1,3,0.0548910677247302,NA
"Dactylis_glomerata",1,1,3,0.0413533277968014,NA
"Danthonia_intermedia",1,0,1,0.104286682798659,0.001
"Daphne_sp",1,1,3,0.0494266804739203,NA
"Dasiphora_fruticosa",1,0,1,0.0711993894936055,0.003
"Delphinium_oxysepalum",0,1,2,0.0180480718921108,0.479
"Deschampsia_caespitosa",1,0,1,0.0494266804739203,0.001
"Deschampsia_flexuosa",1,1,3,0.0360961437842217,NA
"Deyeuxia_scabrescens",1,1,3,0.107154489829189,NA
"Dianthus_brachyanthus",1,1,3,0.0312601774957917,NA
"Discaria_nana",1,0,1,0.0180480718921108,0.499
"Dodecatheon_pulchellum",1,0,1,0.0127619140222539,1
"Doronicum_clusii",0,1,2,0.0127619140222539,1
"Doronicum_sp",1,1,3,0.0127619140222539,NA
"Douglasia_montana",1,1,3,0.0584824370194968,NA
"Draba_aizoides",1,0,1,0.0191428710333808,0.514
"Draba_altaica",1,0,1,0.0505762918299404,0.007
"Draba_aretioides",0,1,2,0.0536309887789596,0.005
"Draba_aurea",1,0,1,0.0191428710333808,0.622
"Draba_cana",1,0,1,0.0180480718921108,0.49
"Draba_funiculosa",1,1,3,0.0127619140222539,NA
"Draba_gilliesii",1,0,1,0.115564046571305,0.001
"Draba_hispanica",1,0,1,0.0127619140222539,1
"Draba_longipes",1,0,1,0.0312601774957917,0.093
"Draba_magellanica",1,1,3,0.0423264804185915,NA
"Draba_oligosperma",1,0,1,0.0768867241826092,0.001
"Draba_oreades",1,1,3,0.0180480718921108,NA
"Draba_paysonii",1,1,3,0.0372070533749571,NA
"Draba_praealta",1,0,1,0.0180480718921108,0.504
"Draba_pulchella",1,0,1,0.0684611896733818,0.001
"Draba_sp",0,1,2,0.0180480718921108,0.488
"Draba_sp1",1,1,3,0.0618656735477592,NA
"Draba_sp2",1,1,3,0.0312601774957917,NA
"Draba_sp3",1,1,3,0.0584824370194968,NA
"Draba_sp4",1,0,1,0.0127619140222539,1
"Draba_sp5",1,1,3,0.0510476560890156,NA
"Draba_sp6",1,1,3,0.0221042834883694,NA
"Draba_tomentosa",0,1,2,0.0127619140222539,1
"Dracophyllum_muscoides",1,0,1,0.0813072322103223,0.001
"Dracophyllum_pronum",1,1,3,0.0563550864205913,NA
"Dracophyllum_uniflorum",1,0,1,0.0127619140222539,1
"Dryas_octopetala",1,0,1,0.0928782026672905,0.001
"Dubyaea_hispida",1,1,3,0.0675297015121437,NA
"Elsholtzia_eriostachya",0,1,2,0.0582116800793314,0.002
"Elymus_longaristatus",1,1,3,0.0721922875684434,NA
"Elymus_nutans",1,0,1,0.0541442156763325,0.001
"Elymus_rectisetus",1,1,3,0.0477507098707402,NA
"Elymus_sp",1,1,3,0.0337648507560718,NA
"Elymus_sp1",1,0,1,0.10424328806568,0.001
"Elyna_myosuroides",1,0,1,0.0221042834883694,0.265
"Elyna_sp",1,0,1,0.0289413006480616,0.107
"Empetrum_rubrum",1,0,1,0.0638568189664006,0.001
"Empetrum_sp",1,1,3,0.0221042834883694,NA
"Ephedra_americana",NA,NA,NA,NA,NA
"Epilobium_angustifolium",1,0,1,0.0127619140222539,1
"Epilobium_cylindricum",1,1,3,0.0127619140222539,NA
"Epilobium_nivale",1,0,1,0.0403567156135631,0.001
"Epilobium_pycnostachyium",0,1,2,0.0584824370194968,0.001
"Epilobium_sp",1,1,3,0.0127619140222539,NA
"Eragrostis_pectinacea",1,1,3,0.0360961437842217,NA
"Erigeron_alpinus",0,1,2,0.0127619140222539,1
"Erigeron_andicola",1,0,1,0.162014940403514,0.001
"Erigeron_aureus",1,0,1,0.0430891810600987,0.004
"Erigeron_caespitosum",1,0,1,0.0255238280445078,0.119
"Erigeron_canus",1,0,1,0.0221042834883694,0.225
"Erigeron_compositus",1,0,1,0.119604796066238,0.001
"Erigeron_ecuadoriensis",1,1,3,0.095926817925928,NA
"Erigeron_eriocalyx",1,1,3,0.0127619140222539,NA
"Erigeron_frigidus",1,0,1,0.0299293413277456,0.129
"Erigeron_glabratus",1,0,1,0.0246583605465279,0.257
"Erigeron_lanatus",1,0,1,0.0510476560890156,0.003
"Erigeron_rydbergii",1,1,3,0.0786697215034681,NA
"Erigeron_simplex",1,0,1,0.0399057884369942,0.039
"Erigeron_sp",1,0,1,0.0776069169192649,0.001
"Erigeron_sp1",1,1,3,0.0255238280445078,NA
"Erigeron_sp2",1,1,3,0.0675297015121437,NA
"Erigeron_sp3",1,0,1,0.0460137353802993,0.001
"Erigeron_sp4",0,1,2,0.0127619140222539,1
"Erigeron_sp5",1,1,3,0.0693149353356571,NA
"Erigeron_sp6",1,0,1,0.0255238280445078,0.131
"Erigeron_sp7",1,1,3,0.0238753549353701,NA
"Erigeron_tomentosa",1,1,3,0.0255238280445078,NA
"Erigeron_uniflorus",1,1,3,0.0180480718921108,NA
"Eriogonum_flavum",1,0,1,0.0191428710333808,0.614
"Eriogonum_ovalifolium",1,1,3,0.0270721078381663,NA
"Eriogonum_sp",1,1,3,0.0929081364795583,NA
"Eriogonum_subalpinum",1,0,1,0.0180480718921108,0.514
"Eriophyllum_lanatum",1,0,1,0.0467081674344322,0.006
"Eritrichium_nanum",1,1,3,0.0902403594605542,NA
"Erophila_verna",0,1,2,0.0735084246482905,0.001
"Eryngium_glaciale",1,0,1,0.052618719498804,0.01
"Eudema_sp",0,1,2,0.057073014553535,0.001
"Euphorbia_collina",1,0,1,0.0674347897273442,0.001
"Euphorbia_esula",1,1,3,0.0221042834883694,NA
"Euphorbia_nevadensis",1,1,3,0.100081400094878,NA
"Euphorbia_stracheyi",1,0,1,0.0221042834883694,0.217
"Euphrasia_frigida",1,1,3,0.0127619140222539,NA
"Euphrasia_minima",1,1,3,0.103678279633453,NA
"Euphrasia_salisburgensis",0,1,2,0.0654179627437482,0.002
"Euphrasia_sp",0,1,2,0.0245953761255369,0.312
"Euphrasia_tatrae",1,0,1,0.0127619140222539,1
"Euphrasia_willkommii",1,1,3,0.0451201797302771,NA
"Euphrasia_zealandica",1,1,3,0.0312601774957917,NA
"Festuca_alaica",1,1,3,0.0563550864205913,NA
"Festuca_arizonica",1,0,1,0.0969256730416398,0.001
"Festuca_brachyphylla",1,0,1,0.0792038472966715,0.001
"Festuca_clementei",1,0,1,0.0886154530077641,0.001
"Festuca_curvifolia",1,0,1,0.0863627574203854,0.001
"Festuca_iberica",1,0,1,0.0597804462050451,0.001
"Festuca_idahoensis",1,0,1,0.114901996120598,0.001
"Festuca_indigesta",1,1,3,0.126336503244776,NA
"Festuca_magellanica",1,0,1,0.146572581840743,0.001
"Festuca_ovina",1,0,1,0.154640145856282,0.001
"Festuca_quadriflora",1,0,1,0.0893924008836278,0.001
"Festuca_sp",1,1,3,0.0786697215034681,NA
"Festuca_sp1",1,0,1,0.0127619140222539,1
"Festuca_sp2",1,0,1,0.0728162601704076,0.001
"Festuca_sp3",1,0,1,0.0947626082145256,0.001
"Festuca_sp4",1,0,1,0.051356904778971,0.027
"Festuca_sp5",1,1,3,0.129204531944195,NA
"Festuca_sp6",1,0,1,0.0240640958561478,0.242
"Festuca_sp7",0,1,2,0.0617505059555258,0.001
"Festuca_sp8",1,0,1,0.131429568828516,0.001
"Festuca_sp9",1,0,1,0.0755482111830975,0.001
"Festuca_versicolor",1,1,3,0.134151938752333,NA
"Festuca_violacea",1,0,1,0.107571123184162,0.001
"Filago_arvensis",1,0,1,0.0127619140222539,1
"Floscaldasia_hypsophila",1,0,1,0.0127619140222539,1
"Fritillaria_pudica",1,0,1,0.0310328277330779,0.149
"Gaillardia_aristata",1,0,1,0.0270721078381663,0.109
"Galium_anisophyllon",1,1,3,0.0980261216267003,NA
"Galium_boreale",1,0,1,0.0539173308053286,0.001
"Galium_decumbens",1,0,1,0.0127619140222539,1
"Galium_gilliesii",1,1,3,0.0337648507560718,NA
"Galium_megalospermum",1,1,3,0.0510476560890156,NA
"Galium_pyrenaicum",1,0,1,0.11601513874735,0.001
"Galium_sp",1,0,1,0.0477265139178967,0.014
"Galium_sp1",1,0,1,0.0656792205654555,0.002
"Gamocarpa_selliana",1,1,3,0.0423264804185915,NA
"Gaultheria_depressa",1,0,1,0.0388039485105712,0.025
"Gaultheria_nubicola",1,1,3,0.0822128801023485,NA
"Gaultheria_pumila",1,0,1,0.0719427263882754,0.001
"Gayophytum_humile",0,1,2,0.0638095701112695,0.001
"Gayophytum_micranthum",1,0,1,0.0578135665633832,0.001
"Gentiana_algida",1,0,1,0.0221042834883694,0.273
"Gentiana_brachyphylla",1,0,1,0.0804279648684716,0.001
"Gentiana_corymbifera",1,0,1,0.0180480718921108,0.511
"Gentiana_depressa",1,1,3,0.0733116145905696,NA
"Gentiana_divisa",1,0,1,0.0255238280445078,0.141
"Gentiana_nivalis",1,0,1,0.0127619140222539,1
"Gentiana_ornata",1,0,1,0.0221042834883694,0.266
"Gentiana_prostrata",0,1,2,0.0127619140222539,1
"Gentiana_sedifolia",1,1,3,0.0884171339534778,NA
"Gentiana_sp",1,0,1,0.0403567156135631,0.004
"Gentiana_sp1",1,0,1,0.0400613671495818,0.024
"Gentiana_sp2",1,1,3,0.0432777560575997,NA
"Gentiana_sp3",1,1,3,0.0221042834883694,NA
"Gentiana_sp4",0,1,2,0.0206766638984007,0.349
"Gentiana_sp5",1,1,3,0.0337648507560718,NA
"Gentiana_sp6",1,0,1,0.0127619140222539,1
"Gentiana_tenella",1,0,1,0.0180480718921108,0.483
"Gentianella_falcata",1,1,3,0.0451201797302771,NA
"Gentianella_lutescens",0,1,2,0.0221042834883694,0.238
"Gentianella_rupicola",1,0,1,0.0378579549857137,0.054
"Geranium_donianum",1,0,1,0.0349499409346497,0.031
"Geranium_ecuadoriensis",0,1,2,0.0127619140222539,1
"Geranium_multipartitum",1,1,3,0.118692661452746,NA
"Geranium_sessiliflorum",1,0,1,0.0830951342723361,0.001
"Gerbera_nivea",1,1,3,0.0765714841335234,NA
"Geum_rossii",1,1,3,0.140670798731063,NA
"Geum_triflorum",1,1,3,0.0270721078381663,NA
"Geum_uniflorum",1,0,1,0.0734606725850397,0.001
"Globularia_sp",1,1,3,0.0856095218303024,NA
"Gnaphalium_decurrens",1,0,1,0.0127619140222539,1
"Gnaphalium_hoppeanum",1,0,1,0.0127619140222539,1
"Gnaphalium_sp",1,1,3,0.0270721078381663,NA
"Gnaphalium_supinum",0,1,2,0.0252949101643663,0.255
"Gregoria_vitaliana",1,0,1,0.0127619140222539,1
"Haastia_sinclarii",0,1,2,0.0272084921161324,0.116
"Halenia_weddeliana",1,1,3,0.0238753549353701,NA
"Hamadryas_sp",0,1,2,0.0542193638258582,0.001
"Haplopappus_diplopappus",1,0,1,0.0358445996479703,0.08
"Haplopappus_scrobiculatus",1,1,3,0.0510476560890156,NA
"Haplopappus_sp",1,1,3,0.0285365072767675,NA
"Hebe_hectorii",1,0,1,0.0467038230948018,0.002
"Hectorella_caespitosa",1,0,1,0.0127619140222539,1
"Hectorella_sp",1,0,1,0.0683288973958077,0.001
"Hedysarum_alpinum",1,1,3,0.0337648507560718,NA
"Hedysarum_hedysaroides",1,1,3,0.0127619140222539,NA
"Helianthemum_alpestre",1,1,3,0.071055330094606,NA
"Helianthemum_grandiflorum",0,1,2,0.0255238280445078,0.138
"Helianthemum_sp",1,1,3,0.157598012520744,NA
"Helianthemum_sp1",1,0,1,0.0625466627373266,0.015
"Helichrysum_bellidioides",1,0,1,0.0255238280445078,0.131
"Helichrysum_psychrophilum",1,1,3,0.0127619140222539,NA
"Heliotropium_geissei",1,0,1,0.0127619140222539,1
"Herminium_macrophyllum",1,1,3,0.0432777560575997,NA
"Herniaria_boissieri",1,1,3,0.0201783578067815,NA
"Heuchera_cylindrica",1,0,1,0.0127619140222539,1
"Heuchera_parviflora",1,0,1,0.0689083439507627,0.001
"Hieracium_myriadenum",1,1,3,0.0556278935491594,NA
"Hieracium_sp",1,1,3,0.0644445068453527,NA
"Hieracium_sp1",1,0,1,0.0274792300492265,0.213
"Hordeum_comosum",1,0,1,0.2602782889514,0.001
"Hormathophylla_spinosa",1,1,3,0.0577820232856527,NA
"Hulsea_algida",1,0,1,0.0285365072767675,0.067
"Hutchinsia_alpina",1,1,3,0.0548910677247302,NA
"Hypochaeris_clarionoides",1,1,3,0.0255238280445078,NA
"Hypochaeris_incana",1,1,3,0.0556278935491594,NA
"Hypochaeris_radicata",1,0,1,0.0180480718921108,0.492
"Hypochaeris_sessiliflora",1,1,3,0.152343260616854,NA
"Hypochaeris_tenuifolia",1,0,1,0.0786596710758955,0.001
"Ivesia_gordoni",1,1,3,0.108288431352665,NA
"Jaborosa_caulescens",0,1,2,0.0460137353802993,0.001
"Jarava_chrysophylla",1,0,1,0.103503589905938,0.001
"Jasione_amethystina",1,1,3,0.176373160817278,NA
"Jasione_crispa",1,0,1,0.0875790379395875,0.001
"Juncus_biglumis",1,1,3,0.0127619140222539,NA
"Juncus_bufonius",1,1,3,0.0201783578067815,NA
"Juncus_imbricatus",0,1,2,0.0292412185097484,0.199
"Juncus_sp",0,1,2,0.0180480718921108,0.491
"Juncus_stipulatus",1,0,1,0.0191428710333808,0.495
"Juncus_thomsonii",1,0,1,0.0318150089369409,0.129
"Juncus_trifidus",1,0,1,0.0338611843348732,0.043
"Junellia_uniflora",0,1,2,0.0312601774957917,0.038
"Jurinea_humilis",1,1,3,0.0360961437842217,NA
"Jurinella_frigida",1,1,3,0.0403567156135631,NA
"Koeleria_crassipes",1,0,1,0.0232999606230998,0.266
"Koeleria_cristata",1,0,1,0.0384786185623559,0.02
"Koeleria_croizatii",1,0,1,0.0552607087209236,0.007
"Koeleria_dieffenbachii",1,1,3,0.0656959733321009,NA
"Koeleria_litwinowii",0,1,2,0.0521667644425381,0.009
"Koeleria_macrantha",1,1,3,0.0911382956011436,NA
"Koeleria_sp",1,0,1,0.0560614153939834,0.001
"Koeleria_sp1",1,0,1,0.0630514096881593,0.001
"Koeleria_sp2",1,1,3,0.0760378784399902,NA
"Koeleria_sp3",1,1,3,0.0817161209919281,NA
"Kurzamra_pulchella",1,0,1,0.0755005015407118,0.001
"Lachemilla_hispidulata",1,1,3,0.0299293413277456,NA
"Lachemilla_orbiculata",1,1,3,0.0270721078381663,NA
"Lactuca_sp",1,0,1,0.0127619140222539,1
"LamUnk_sp",1,1,3,0.0403567156135631,NA
"Lasiocephalus_ovatus",1,0,1,0.0127619140222539,1
"Lathyrus_sp",1,0,1,0.0296560082843522,0.234
"Leontodon_boryi",1,1,3,0.0836854666533576,NA
"Leontodon_helveticus",1,0,1,0.0706722797025087,0.001
"Leontodon_sp",1,1,3,0.0221042834883694,NA
"Leontodon_sp1",1,1,3,0.0180480718921108,NA
"Leontodon_sp2",1,1,3,0.0127619140222539,NA
"Leontodon_sp3",1,1,3,0.0631682516223879,NA
"Leontopodium_jocacianum",1,1,3,0.0865555121151994,NA
"Leontopodium_nanum",1,1,3,0.0681299773306503,NA
"Leontopodium_sp",1,0,1,0.0127619140222539,1
"Leptinella_atrata",1,0,1,0.0772315953465172,0.001
"Leptinella_goyenii",1,1,3,0.0733116145905696,NA
"Leptinella_pectinata",0,1,2,0.0127619140222539,1
"Leptinella_sp",1,0,1,0.0337648507560718,0.015
"Lesquerella_humilis",1,0,1,0.0127619140222539,1
"Leucanthemopsis_alpina",1,1,3,0.0127619140222539,NA
"Leucanthemopsis_pectinata",0,1,2,0.027654370318373,0.229
"Leucanthemum_sp",0,1,2,0.0127619140222539,1
"Leucheria_candidissima",1,0,1,0.0260501479131598,0.209
"Leucheria_leontopodioides",1,1,3,0.0360961437842217,NA
"Leucheria_millefolium",1,0,1,0.0337648507560718,0.019
"Leucopogon_frazeri",1,1,3,0.0360961437842217,NA
"Leuzea_sp",1,1,3,0.0337648507560718,NA
"Ligusticum_mutellinoides",1,0,1,0.0814438844074459,0.001
"Ligusticum_sp",1,0,1,0.0127619140222539,1
"LilUnk_sp",1,1,3,0.0337648507560718,NA
"Linaria_aeruginea",1,1,3,0.0299293413277456,NA
"Linaria_alpina",0,1,2,0.0354213900109814,0.016
"Linaria_sp",1,0,1,0.0180480718921108,0.498
"Linaria_sp1",1,1,3,0.0733116145905696,NA
"Linaria_sp2",1,1,3,0.0180480718921108,NA
"Linum_lewisii",1,0,1,0.0337648507560718,0.014
"Linum_sp",1,0,1,0.0127619140222539,1
"Lloydia_serotina",1,0,1,0.090740154314922,0.001
"Loasa_sigmoidea",1,1,3,0.100891789033908,NA
"Lobelia_roughii",1,0,1,0.0127619140222539,1
"Loiseleuria_procumbens",1,0,1,0.0255238280445078,0.135
"Lomatium_sandbergii",1,0,1,0.0255238280445078,0.126
"Lotus_corniculatus",1,1,3,0.0897880239832369,NA
"Lotus_sp",0,1,2,0.0373284470200794,0.064
"Lucilia_kunthiana",1,1,3,0.0996737348562571,NA
"Luetkea_sp",0,1,2,0.0127619140222539,1
"Lupinus_arcticus",1,1,3,0.0494266804739203,NA
"Lupinus_argenteus",1,1,3,0.0360961437842217,NA
"Lupinus_microphyllus",1,1,3,0.0988533609478405,NA
"Lupinus_sericeus",1,1,3,0.0127619140222539,NA
"Luzula_arcuata",1,0,1,0.0215960711065044,0.249
"Luzula_chilensis",1,0,1,0.0477507098707402,0.001
"Luzula_crinita",1,1,3,0.052618719498804,NA
"Luzula_glabra",0,1,2,0.0127619140222539,1
"Luzula_hispanica",1,0,1,0.0594988075541745,0.001
"Luzula_lutea",1,0,1,0.0328135367492143,0.039
"Luzula_multiflora",1,0,1,0.0127619140222539,1
"Luzula_pumilia",0,1,2,0.0824547309888909,0.001
"Luzula_racemosa",1,1,3,0.0771013969209775,NA
"Luzula_rufa",1,0,1,0.0713895444085788,0.001
"Luzula_sp",1,0,1,0.0368404724806157,0.039
"Luzula_sp1",1,1,3,0.065073248630266,NA
"Luzula_sp2",1,1,3,0.0906904388583809,NA
"Luzula_sp3",1,0,1,0.0403567156135631,0.002
"Luzula_sp4",1,1,3,0.0460137353802993,NA
"Luzula_sp5",0,1,2,0.0467081674344322,0.027
"Luzula_sp6",1,1,3,0.0612039895657319,NA
"Luzula_spicata",1,1,3,0.0541442156763325,NA
"Lysipomia_acaulis",0,1,2,0.0567411918892085,0.002
"Marrubium_sp",1,1,3,0.0721922875684434,NA
"Marsippospermum_gracile",1,0,1,0.0317873677423768,0.168
"Melicytus_alpinus",0,1,2,0.0161426862454252,0.759
"Menonvillea_sp",1,1,3,0.0382857420667617,NA
"Mertensia_lanceolata",1,0,1,0.0385051463962979,0.035
"Mertensia_longiflora",1,0,1,0.0659022406318937,0.001
"Mertensia_sp",NA,NA,NA,NA,NA
"Microsteris_gracilis",1,1,3,0.0996737348562571,NA
"Minuartia_gerardii",0,1,2,0.0361940982215328,0.066
"Minuartia_macrantha",1,1,3,0.0180480718921108,NA
"Minuartia_obtusiloba",1,1,3,0.0548910677247302,NA
"Minuartia_sedoides",1,1,3,0.052618719498804,NA
"Minuartia_sp",0,1,2,0.0127619140222539,1
"Minuartia_sp1",1,0,1,0.0382857420667617,0.008
"Minuartia_verna",1,1,3,0.0846529608371829,NA
"Montiopsis_andicola",1,0,1,0.0839562168008409,0.001
"Montiopsis_copiapina",1,0,1,0.057073014553535,0.001
"Montiopsis_gayana",1,0,1,0.069322012260004,0.001
"Montiopsis_potentilloides",1,1,3,0.126336503244776,NA
"Morina_nepalensis",1,1,3,0.0127619140222539,NA
"Moschopsis_monocephala",1,1,3,0.0270721078381663,NA
"Mulinum_leptacanthum",1,0,1,0.0753004998607964,0.001
"Mulinum_spinosum",1,0,1,0.0127619140222539,1
"Myosotis_alpestris",1,1,3,0.0502437057493445,NA
"Myosotis_pulvinasris",1,0,1,0.0127619140222539,1
"Myosotis_pygmea",1,0,1,0.0180480718921108,0.493
"Myosotis_sylvatica",1,0,1,0.0620057754179977,0.001
"Myrosmodes_sp",1,1,3,0.0738649176445214,NA
"Nardus_stricta",1,0,1,0.0127619140222539,1
"Nassauvia_aculeata",1,1,3,0.0477507098707402,NA
"Nassauvia_axillaris",1,0,1,0.0331564252325542,0.153
"Nassauvia_cumingii",1,1,3,0.071055330094606,NA
"Nassauvia_lagascae",0,1,2,0.0949228466162581,0.001
"Nassauvia_pygmaea",0,1,2,0.0331564252325542,0.174
"Nassauvia_pyramidalis",0,1,2,0.0694400092328304,0.001
"Nassauvia_revoluta",1,1,3,0.0312601774957917,NA
"Nassauvia_sp",1,0,1,0.0725114638690684,0.001
"Nassauvia_sp1",1,0,1,0.0372070533749571,0.128
"Nassauvia_sp2",1,0,1,0.0422427484267614,0.032
"Nassauvia_uniflora",1,1,3,0.0827066555936028,NA
"Nastanthus_agglomeratus",1,0,1,0.129144301407812,0.001
"Nastanthus_caespitosum",1,0,1,0.0403567156135631,0.002
"Neottianthe_calcicola",1,0,1,0.0403567156135631,0.004
"Nepeta_lamiopsis",1,1,3,0.0180480718921108,NA
"Nevadensia_purpurea",1,1,3,0.140090710491894,NA
"Nototriche_aruicoma",1,0,1,0.0510476560890156,0.001
"Nototriche_hartwegii",1,1,3,0.0698998818692995,NA
"Olsynium_frigidum",1,0,1,0.0127619140222539,1
"Olsynium_junceum",1,0,1,0.0497346378488312,0.005
"Olsynium_scirpoideum",1,0,1,0.0819372746331198,0.002
"Oreobolus_sp",1,0,1,0.0260501479131598,0.23
"Oreochloa_sp",1,0,1,0.129866199883709,0.001
"Oreomyrrhis_andicola",1,0,1,0.0690436830253059,0.001
"Oreopolus_glacialis",1,0,1,0.0589776400752915,0.001
"Oritrophium_peruvianium",0,1,2,0.0332440249234818,0.115
"Ourisia_caespitosa",1,0,1,0.0510476560890156,0.001
"Ourisia_glandulosa",1,0,1,0.068725010264318,0.001
"Ourisia_muscoides",0,1,2,0.0354683368705656,0.024
"Oxalis_compacta",0,1,2,0.114957711417976,0.001
"Oxalis_enneaphylla",1,1,3,0.039334860751734,NA
"Oxalis_patagonica",1,0,1,0.0127619140222539,1
"Oxalis_sp",1,0,1,0.107633698160529,0.001
"Oxalis_sp1",1,1,3,0.0836854666533576,NA
"Oxalis_squamata",1,1,3,0.0372070533749571,NA
"Oxyria_digyna",1,1,3,0.0669240417306331,NA
"Oxytropis_campestris",1,0,1,0.100238371682109,0.001
"Oxytropis_carpatica",1,1,3,0.112348341497031,NA
"Oxytropis_halleri",0,1,2,0.0314858856795536,0.09
"Oxytropis_jacquinii",1,0,1,0.0180480718921108,0.49
"Oxytropis_persicus",0,1,2,0.0127619140222539,1
"Oxytropis_sericea",1,1,3,0.0299293413277456,NA
"Oxytropis_sp",1,1,3,0.039334860751734,NA
"Oxytropis_sp1",0,1,2,0.0221042834883694,0.253
"Oxytropis_sp2",1,1,3,0.0485959207950144,NA
"Papaver_sp",1,1,3,0.0127619140222539,NA
"Parastrephia_lepidophylla",1,0,1,0.0510476560890156,0.001
"Parnassia_nubicola",1,1,3,0.0812163235144988,NA
"Parnassia_palustris",0,1,2,0.0482116751951814,0.02
"Paronychia_polygonifolia",0,1,2,0.0180480718921108,0.498
"Pedicularis_bracteosa",1,0,1,0.0457178240448548,0.003
"Pedicularis_oederi",1,1,3,0.0468902662436876,NA
"Pedicularis_parryi",1,0,1,0.0180480718921108,0.5
"Pedicularis_pilostachya",1,0,1,0.0255238280445078,0.119
"Pedicularis_roylei",1,1,3,0.0533869166224227,NA
"Pedicularis_siphonantha",1,1,3,0.0312601774957917,NA
"Pedicularis_sp",1,0,1,0.0336598276377204,0.044
"Pedicularis_sp1",1,0,1,0.0127619140222539,1
"Pedicularis_verticillata",1,1,3,0.0980261216267003,NA
"Penstemon_fruticosa",1,0,1,0.0127619140222539,1
"Penstemon_heterodoxus",1,1,3,0.0360961437842217,NA
"Penstemon_lyallii",1,0,1,0.0164755601579734,0.754
"Penstemon_rydbergii",1,1,3,0.0156300887478959,NA
"Penstemon_sp",0,1,2,0.0127619140222539,1
"Perezia_atacamensis",0,1,2,0.0442085669767389,0.002
"Perezia_carthamoides",0,1,2,0.0670062075586685,0.002
"Perezia_magellanica",0,1,2,0.0255238280445078,0.127
"Perezia_pilifera",1,0,1,0.142648694614839,0.001
"Perezia_recurvata",1,1,3,0.0180480718921108,NA
"Perezia_sp",1,1,3,0.0781504437394793,NA
"Pernettya_mucronata",0,1,2,0.0221042834883694,0.259
"Pernettya_prostrata",1,0,1,0.0405579972393256,0.037
"Pernettya_pumila",1,1,3,0.0631682516223879,NA
"Persicaria_bistorta",1,0,1,0.0127619140222539,1
"Persicaria_vivipara",1,1,3,0.132625700930217,NA
"Phacelia_lyallii",1,1,3,0.0127619140222539,NA
"Phacelia_secunda",0,1,2,0.118293746499523,0.001
"Phacelia_sericea",1,0,1,0.0548388054376022,0.006
"Phacelia_sp",NA,NA,NA,NA,NA
"Phaiophleps_biflora",1,1,3,0.0156300887478959,NA
"Phleum_commutatum",1,0,1,0.0180480718921108,0.516
"Phleum_sp",1,1,3,0.0221042834883694,NA
"Phlox_diffusa",1,0,1,0.0127619140222539,1
"Phlox_hoodii",0,1,2,0.0127619140222539,1
"Phlox_kelseyi",1,0,1,0.0312601774957917,0.021
"Phlox_pulvinata",1,0,1,0.0861252966212493,0.001
"Phlox_sp",1,1,3,0.102095312178031,NA
"Phlox_sp1",1,1,3,0.0468902662436876,NA
"Phlox_sp2",1,1,3,0.0372070533749571,NA
"Phyllacne_rubra",1,0,1,0.0488585388353381,0.004
"Phyllodoce_glandulosa",1,1,3,0.032536624315133,NA
"Phyllodoce_sp",1,0,1,0.0887941810113421,0.001
"Physoptychis_gnaphalodes",1,0,1,0.0584575667495993,0.001
"Phyteuma_orbiculare",0,1,2,0.0127619140222539,1
"Pilosella_sp",1,1,3,0.0312601774957917,NA
"Pinguicula_sp",1,1,3,0.0180480718921108,NA
"Piptatherum_laterale",1,1,3,0.0201783578067815,NA
"Plagiobothrys_myosotoides",1,1,3,0.0372070533749571,NA
"Plantago_alpina",1,0,1,0.0302002006162847,0.046
"Plantago_barbata",1,0,1,0.0584824370194968,0.001
"Plantago_eriopoda",1,1,3,0.039334860751734,NA
"Plantago_holosteum",1,1,3,0.0693149353356571,NA
"Plantago_lanceolata",1,0,1,0.0209699645607898,0.384
"Plantago_major",1,0,1,0.0221042834883694,0.26
"Plantago_nubigena",0,1,2,0.101100315172391,0.001
"Plantago_patagonica",1,1,3,0.0518391398167264,NA
"Plantago_rigida",1,1,3,0.0563550864205913,NA
"Plantago_sp",1,1,3,0.032536624315133,NA
"Plantago_sp1",1,1,3,0.0238753549353701,NA
"Plantago_sp2",1,1,3,0.079698127524708,NA
"Plantago_tweedyi",1,0,1,0.0180480718921108,0.474
"Poa_alopecurus",1,0,1,0.143380551469177,0.001
"Poa_alpina",1,0,1,0.223533703019614,0.001
"Poa_araratica",1,0,1,0.0541442156763325,0.013
"Poa_colensoi",1,1,3,0.138923267551195,NA
"Poa_fuegiana",1,1,3,0.0221042834883694,NA
"Poa_holciformis",1,1,3,0.1383358515266,NA
"Poa_ligulata",1,1,3,0.188859080912189,NA
"Poa_poiphagorum",1,0,1,0.038145757166365,0.012
"Poa_pratensis",1,1,3,0.121070146840689,NA
"Poa_pusilla",1,1,3,0.0598586826554913,NA
"Poa_sandbergii",1,1,3,0.0874912745765875,NA
"Poa_secunda",1,1,3,0.032536624315133,NA
"Poa_sibirica",1,1,3,0.0349499409346497,NA
"Poa_sp",1,1,3,0.0127619140222539,NA
"Poa_sp1",1,0,1,0.0972588473488255,0.001
"Poa_sp2",1,1,3,0.0337648507560718,NA
"Poa_sp4",1,1,3,0.083197500588867,NA
"PoaUnk_sp",1,1,3,0.171693993376482,NA
"PoaUnk2_sp",1,0,1,0.0180480718921108,0.496
"PoaUnk3_sp",1,1,3,0.187994732755931,NA
"PoaUnk4_sp",1,0,1,0.0180480718921108,0.52
"Polemonium_boreale",1,1,3,0.0349499409346497,NA
"Polemonium_pulcherrimum",1,1,3,0.0460137353802993,NA
"Polemonium_sp",1,0,1,0.0640003315835293,0.002
"Polemonium_viscosum",1,0,1,0.0774397450239712,0.001
"Polygala_salasiana",1,0,1,0.129193446388064,0.001
"Polygala_sp",0,1,2,0.0127619140222539,1
"Polygonatum_sp",1,1,3,0.0442085669767389,NA
"Polygonum_bistortioides",1,0,1,0.0859937862772829,0.001
"Polygonum_molliaeforme",1,1,3,0.0299293413277456,NA
"Polygonum_sp",1,0,1,0.0535822886655978,0.018
"Polygonum_viviparum",1,0,1,0.177143876204292,0.001
"Potentilla_arguta",1,1,3,0.0201783578067815,NA
"Potentilla_concinna",1,0,1,0.0127619140222539,1
"Potentilla_crantzii",1,0,1,0.0275688851978676,0.157
"Potentilla_diversifolia",1,0,1,0.157347417596173,0.001
"Potentilla_gracilis",1,1,3,0.0221042834883694,NA
"Potentilla_heptaphylla",1,1,3,0.0360961437842217,NA
"Potentilla_microphylla",1,1,3,0.0201783578067815,NA
"Potentilla_morefieldii",1,1,3,0.0563550864205913,NA
"Potentilla_multifida",1,1,3,0.0786697215034681,NA
"Potentilla_nivea",1,0,1,0.0883764168737438,0.001
"Potentilla_sericea",1,0,1,0.0781176464615128,0.001
"Potentilla_sp",1,0,1,0.113917508299069,0.001
"Potentilla_sp1",1,1,3,0.0221042834883694,NA
"Potentilla_sp2",0,1,2,0.0304686521233707,0.037
"Potentilla_tanacetifolia",1,0,1,0.0180480718921108,0.513
"Potentilla_villosa",1,1,3,0.0180480718921108,NA
"Pozoa_coriacea",0,1,2,0.100760675542474,0.001
"Primula_integrifolia",1,0,1,0.0491167922750216,0.002
"Primula_sp",1,1,3,0.0255238280445078,NA
"Pritzelago_alpina",1,0,1,0.0329511203159468,0.087
"Pritzelago_sp",0,1,2,0.0221042834883694,0.265
"Prunus_sp",1,1,3,0.0156300887478959,NA
"Pseudorchis_albida",1,0,1,0.0127619140222539,1
"Quinchamalium_chilense",1,1,3,0.0781504437394793,NA
"Ranunculus_acetosellifolius",NA,NA,NA,NA,NA
"Ranunculus_alpestris",1,0,1,0.0442085669767389,1
"Ranunculus_breyninus",1,1,3,0.104460768316454,NA
"Ranunculus_demissus",1,1,3,0.032536624315133,NA
"Ranunculus_guzmanii",1,0,1,0.0349499409346497,0.047
"Ranunculus_montanus",1,0,1,0.0127619140222539,1
"Ranunculus_nivalis",1,0,1,0.0258122420357139,0.185
"Ranunculus_parnassifolius",1,1,3,0.057073014553535,NA
"Ranunculus_peruvianus",1,1,3,0.0403567156135631,NA
"Ranunculus_pseudomontanus",0,1,2,0.0127619140222539,1
"Ranunculus_sp",1,0,1,0.0319383513827043,0.058
"Ranunculus_sp1",1,0,1,0.0127619140222539,1
"Ranunculus_sp2",1,1,3,0.0403567156135631,NA
"RanUnk_sp",0,1,2,0.0353951810617687,0.022
"Raoulia_grandiflora",1,1,3,0.0693149353356571,NA
"Raoulia_hectorii",1,0,1,0.0890552698113613,0.001
"Rhodiola_fastigiata",1,0,1,0.0215715718687748,0.251
"Rhodiola_juparensis",1,1,3,0.0299293413277456,NA
"Rhodiola_rosea",1,1,3,0.0860838164393792,NA
"Rhodophiala_uniflora",1,1,3,0.0776276924294534,NA
"Ribes_cucullatum",0,1,2,0.022829205821414,0.385
"RubUnk_sp",1,0,1,0.0730099408280104,0.001
"Rumex_acetosella",0,1,2,0.0519319584046007,0.014
"Rumex_angiocarpus",0,1,2,0.054185977514918,0.002
"Rumex_sp",1,1,3,0.0238753549353701,NA
"Rytidosperma_pictum",1,0,1,0.0388414422695565,0.032
"Rytidosperma_setifolium",1,1,3,0.106008419553763,NA
"Rytidosperma_violaceum",1,0,1,0.100775135527789,0.001
"Salix_alpina",1,1,3,0.0127619140222539,NA
"Salix_arctica",1,1,3,0.0485959207950144,NA
"Salix_cascadensis",1,0,1,0.058722365973744,0.009
"Salix_herbacea",1,1,3,0.0349499409346497,NA
"Salix_polaris",1,1,3,0.0897880239832369,NA
"Salix_restrata",1,1,3,0.0312601774957917,NA
"Salix_reticulata",1,1,3,0.0382857420667617,NA
"Salix_retusa",1,0,1,0.0508062946608176,0.008
"Salix_serpyllifolia",1,0,1,0.0581796786249771,0.001
"Salix_sp",1,0,1,0.125006785917868,0.001
"Salix_sp1",1,0,1,0.0221042834883694,0.257
"Salix_sp2",1,1,3,0.0485959207950144,NA
"Sanicula_graveolens",0,1,2,0.0592127750788383,0.001
"Saponaria_caespitosa",1,1,3,0.0201783578067815,NA
"Saussurea_alpina",1,1,3,0.0238753549353701,NA
"Saussurea_gnaphalodes",1,1,3,0.135960810601967,NA
"Saussurea_weberi",1,0,1,0.0568943818319444,0.004
"Saxifraga_aizoides",0,1,2,0.0355139097399355,0.122
"Saxifraga_ascendens",1,0,1,0.027498466474438,0.212
"Saxifraga_brachypoda",1,1,3,0.0518391398167264,NA
"Saxifraga_bronchialis",1,1,3,0.0663128504651083,NA
"Saxifraga_caesia",1,1,3,0.0221042834883694,NA
"Saxifraga_cernua",1,1,3,0.0460137353802993,NA
"Saxifraga_exarata",1,0,1,0.0255238280445078,0.132
"Saxifraga_lyallii",1,0,1,0.0356420861649388,0.038
"Saxifraga_moorcroftiana",1,1,3,0.107154489829189,NA
"Saxifraga_nelsoniana",0,1,2,0.020464589944603,0.488
"Saxifraga_nivalis",1,0,1,0.0382857420667617,0.002
"Saxifraga_occidentalis",1,0,1,0.0520200797728535,0.002
"Saxifraga_oppositifolia",1,1,3,0.111621160124871,NA
"Saxifraga_paniculata",0,1,2,0.0758290370477693,0.001
"Saxifraga_rhomboidea",1,1,3,0.0156300887478959,NA
"Saxifraga_serpyllifolia",1,1,3,0.032536624315133,NA
"Saxifraga_sp",1,1,3,0.0349499409346497,NA
"Saxifraga_sp1",1,0,1,0.0221042834883694,0.244
"Saxifraga_sp2",1,0,1,0.0255238280445078,0.154
"Saxifraga_sp3",1,0,1,0.0127619140222539,1
"Saxifraga_sp4",1,0,1,0.0375700576137275,0.102
"Saxifraga_sp5",0,1,2,0.0671962194665141,0.001
"Saxifraga_sp6",1,1,3,0.0255238280445078,NA
"Saxifraga_sp7",1,1,3,0.0612039895657319,NA
"Saxifraga_sp8",0,1,2,0.0127619140222539,1
"Saxifraga_sp9",1,0,1,0.0127619140222539,1
"Saxifraga_tenuis",0,1,2,0.0320321499734536,0.063
"Saxifraga_tricuspidata",1,1,3,0.0221042834883694,NA
"Scabiosa_lucida",1,1,3,0.0255238280445078,NA
"Schizeilema_sp",1,1,3,0.0127619140222539,NA
"Schizeilema_trifoliatum",1,0,1,0.0315331973301008,0.133
"Scilla_sp",1,1,3,0.0312601774957917,NA
"Scorzonera_meyeri",1,0,1,0.0127619140222539,1
"ScrophUnk_sp",1,0,1,0.0638095701112695,0.003
"Sedum_amplexicaule",1,1,3,0.106391814727649,NA
"Sedum_atratum",1,1,3,0.0180480718921108,NA
"Sedum_brevifolium",1,1,3,0.0879554225263658,NA
"Sedum_candollei",1,1,3,0.0760378784399902,NA
"Sedum_debile",0,1,2,0.045658411642828,0.025
"Sedum_lanceolatum",1,1,3,0.104460768316454,NA
"Sedum_roseum",1,1,3,0.0618656735477592,NA
"Sedum_sp",1,1,3,0.0460137353802993,NA
"Sedum_sp1",0,1,2,0.0255238280445078,0.127
"Sedum_sp2",1,1,3,0.0598586826554913,NA
"Senecio_amplectum",1,0,1,0.0180480718921108,0.515
"Senecio_boissieri",0,1,2,0.0331564252325542,0.124
"Senecio_bustillosianus",1,1,3,0.0494266804739203,NA
"Senecio_canescens",0,1,2,0.0127619140222539,1
"Senecio_canus",1,0,1,0.119480633596787,0.001
"Senecio_franciscanus",1,1,3,0.0598586826554913,NA
"Senecio_fremontii",1,0,1,0.0127619140222539,1
"Senecio_looseri",1,1,3,0.0556278935491594,NA
"Senecio_magellanicus",1,1,3,0.0403567156135631,NA
"Senecio_nivalis",1,1,3,0.0442085669767389,NA
"Senecio_pachyphyllos",1,0,1,0.057073014553535,0.001
"Senecio_polygaloides",1,1,3,0.106773833244845,NA
"Senecio_portalesianus",1,0,1,0.146623229181139,0.001
"Senecio_puchii",1,0,1,0.0362462323475415,0.129
"Senecio_sp",1,0,1,0.101681107037994,0.001
"Senecio_sp3",1,0,1,0.0807754946205543,0.001
"Senecio_sp4",1,1,3,0.0127619140222539,NA
"Senecio_sp5",1,0,1,0.0270721078381663,0.289
"Senecio_triangularis",0,1,2,0.0127619140222539,1
"Sesleria_caerulea",1,0,1,0.0936434704567364,0.001
"Sesleria_sp",1,1,3,0.126979441255774,NA
"Sesleria_tatrae",0,1,2,0.0739346912016069,0.001
"Sibbaldia_sp",1,1,3,0.0879554225263658,NA
"Sideritis_glacialis",1,1,3,0.0423264804185915,NA
"Silene_acaulis",1,0,1,0.0391041557662401,0.032
"Silene_boryi",0,1,2,0.0180480718921108,0.496
"Silene_ciliata",1,0,1,0.0680035999683968,0.001
"Silene_douglasii",1,0,1,0.0180480718921108,0.52
"Silene_gonosperma",1,1,3,0.0625203549915835,NA
"Silene_scouleri",1,1,3,0.0180480718921108,NA
"Silene_sp",1,1,3,0.0533869166224227,NA
"Sisymbrium_altissimum",0,1,2,0.0127619140222539,1
"Sisyrinchium_arenarium",1,0,1,0.0180480718921108,0.499
"Sisyrinchium_patagonicum",1,0,1,0.0679557606378412,0.001
"Smelowskia_calycina",1,0,1,0.195815645211404,0.001
"Soldanella_alpina",1,0,1,0.0127619140222539,1
"Solidago_multiradiata",1,1,3,0.0971918415900287,NA
"Solidago_sp",1,0,1,0.0127619140222539,1
"Solidago_sp1",1,1,3,0.114502179829328,NA
"Soroseris_erysimoides",1,1,3,0.0618656735477592,NA
"Spergularia_rubra",1,0,1,0.0178266147702974,0.503
"Stellaria_americana",1,1,3,0.0584824370194968,NA
"Stellaria_borealis",1,0,1,0.0323273834032103,0.059
"Stellaria_patens",1,0,1,0.0221042834883694,0.244
"Stellaria_sp",1,0,1,0.0127619140222539,1
"Stenanthium_occidentale",1,0,1,0.0127619140222539,1
"Swertia_ciliata",1,1,3,0.039334860751734,NA
"Synthris_pinnatifia",1,0,1,0.0221042834883694,0.273
"Tarasa_humilis",1,1,3,0.0221042834883694,NA
"Taraxacum_alpinum",1,1,3,0.0127619140222539,NA
"Taraxacum_mongolicum",1,0,1,0.0127619140222539,1
"Taraxacum_officinale",1,0,1,0.183324262187298,0.001
"Taraxacum_sp",1,0,1,0.0457178240448548,0.024
"Taraxacum_sp1",1,0,1,0.0297777993852591,0.177
"Taraxacum_sp2",1,1,3,0.0201783578067815,NA
"Taraxacum_vulgare",1,0,1,0.0312601774957917,0.045
"Teucrium_sp",1,1,3,0.0221042834883694,NA
"Thalictrum_alpinum",1,1,3,0.0477507098707402,NA
"Thalictrum_fendleri",1,0,1,0.0180480718921108,0.48
"Themeda_trianda",1,0,1,0.0707590222635083,0.001
"Thlaspi_magellanicum",1,0,1,0.174420418302943,0.001
"Thlaspi_montanum",1,0,1,0.0795170774782192,0.001
"Thlaspi_sp",1,0,1,0.0201783578067815,0.517
"Thlaspi_sp1",0,1,2,0.050271642201739,0.012
"Thlaspi_sp2",1,1,3,0.032536624315133,NA
"Thymus_alpestris",1,1,3,0.10328481225716,NA
"Thymus_pulegioides",1,1,3,0.0625203549915835,NA
"Thymus_serpylloides",1,1,3,0.0548910677247302,NA
"Tiarella_trifoliata",1,0,1,0.0322853724908505,0.078
"Tofieldia_accidentalis",1,0,1,0.0396548061457234,0.014
"Tofieldia_glutinosa",1,0,1,0.0725988551958947,0.001
"Tofieldia_pusilla",1,1,3,0.0201783578067815,NA
"Trachydium_depressum",1,0,1,0.0372475618827357,0.006
"Trifolium_andersonii",1,1,3,0.107533798943911,NA
"Trifolium_dubium",1,0,1,0.0494005218690323,0.011
"Trifolium_nanum",1,1,3,0.0442085669767389,NA
"Trifolium_parryi",1,0,1,0.0127619140222539,1
"Trifolium_repens",1,0,1,0.0283701122298493,0.065
"Trisetum_alpestre",1,0,1,0.0127619140222539,1
"Trisetum_barbinode",1,0,1,0.0786697215034681,0.001
"Trisetum_flavescens",0,1,2,0.0127619140222539,1
"Trisetum_glaciale",1,0,1,0.0502946182734147,0.011
"Trisetum_oreophilum",1,0,1,0.0427226807611703,0.016
"Trisetum_preslei",1,0,1,0.165902556003574,0.001
"Trisetum_sp",1,0,1,0.0930149643134898,0.001
"Trisetum_sp1",1,0,1,0.0771348132086475,0.001
"Trisetum_spicatum",1,1,3,0.111255787098319,NA
"Tristagma_nivale",1,0,1,0.063667613160987,0.002
"Tropaeolum_polyphyllum",0,1,2,0.0382857420667617,0.006
"Tulipa_sp",1,1,3,0.0270721078381663,NA
"Vaccaria_segetalis",1,0,1,0.0127619140222539,1
"Vaccinium_gaultherioides",1,0,1,0.0180480718921108,0.479
"Vaccinium_uliginosum",1,0,1,0.0215445905300493,0.244
"Valeriana_alypifolia",0,1,2,0.0127619140222539,1
"Valeriana_aretioides",1,1,3,0.0255238280445078,NA
"Valeriana_rigida",1,1,3,0.071055330094606,NA
"Veronica_alpina",1,0,1,0.0294723779844926,0.109
"Veronica_aphylla",1,0,1,0.0761301462550776,0.001
"Veronica_ciliata",1,1,3,0.071055330094606,NA
"Veronica_himalaica",1,1,3,0.0423264804185915,NA
"Veronica_kurdica",1,0,1,0.0127619140222539,1
"Veronica_sp",1,0,1,0.0378159605690328,0.086
"Veronica_sp1",0,1,2,0.0559585737013019,0.002
"Veronica_verna",1,1,3,0.0510476560890156,NA
"Vicia_bijuga",1,1,3,0.0423264804185915,NA
"Vicia_magellanica",1,1,3,0.0270721078381663,NA
"Viola_atropurpurea",0,1,2,0.0792165634330224,0.001
"Viola_bangii",0,1,2,0.102717753843961,0.001
"Viola_biflora",1,0,1,0.0398777548624511,0.036
"Viola_calcarata",1,0,1,0.0799428107866983,0.002
"Viola_cotyledon",1,1,3,0.115211178429782,NA
"Viola_crassiuscula",1,0,1,0.022829205821414,0.325
"Viola_cunninghamii",1,1,3,0.0180480718921108,NA
"Viola_montagnei",0,1,2,0.0698998818692995,0.001
"Viola_philippii",0,1,2,0.118034845272717,0.001
"Viola_sp",1,0,1,0.0127619140222539,1
"Viola_sp1",1,1,3,0.0238753549353701,NA
"Viola_subandina",0,1,2,0.0127619140222539,1
"Wahlenbergia_albomarginata",1,0,1,0.0895761066274601,0.001
"Werneria_glaberrima",1,0,1,0.0403567156135631,0.002
"Werneria_nubigena",1,1,3,0.118004582255202,NA
"Werneria_pumila",1,1,3,0.0423264804185915,NA
"Werneria_pygmaea",0,1,2,0.0840092027428783,0.001
"Ziziphora_clinopodioides",1,1,3,0.032536624315133,NA
